YiFang Taiwan Fruit Tea,"135-15 40th Rd Flushing, NY 11354",(347)893-8394,http://www.yifangtea.nyc
BÀO Tea House,"140 West 4th St New York, NY 10012",(646)833-7870,http://www.baoteahouse.store
Prince Tea House,"36-39 Prince St Flushing, NY 11354",(917)285-2523,
Bosie Tea Parlor,"10 Morton St New York, NY 10014",(212)352-9900,http://www.bosienyc.com/
Moge Tee,"38-03 Main St Flushing, NY 11354",(718)321-1188,http://www.mogeteeusa.com
Ippodo Tea,"125 E 39th St New York, NY 10016",(212)370-0609,http://www.ippodo-tea.co.jp/shop/ny.html
Tea Drunk,"123 E 7th St New York, NY 10009",(917)573-9936,http://www.tea-drunk.com
Tea Bar,"506 Driggs Ave Brooklyn, NY 11211",(646)361-6839,
Tea Plus Cafe,"3710 31st Ave Astoria, NY 11103",(347)393-6204,http://teapluscafe.com
Té Company,"163 W 10th St New York, NY 10014",,http://www.te-nyc.com
Bibble & Sip,"253 W 51st St New York, NY 10019",(646)649-5116,http://bibbleandsip.com
Prince Tea House,"6122 7th Ave Brooklyn, NY 11220",(929)337-7150,
Loose Leaf,"28-10 23rd Ave Astoria, NY 11105",(718)777-8383,http://shoplooseleaf.com
Prince Tea House,"1521 York Ave New York, NY 10028",(646)476-4255,
T Shop,"247 Elizabeth St New York, NY 10012",,http://tshopny.com
Harney & Sons SoHo,"433 Broome St Ground Fl New York, NY 10013",(212)933-4853,http://www.harney.com
Blank Slate Tea,"121 Madison Ave New York, NY 10016",(646)707-0256,
Debutea,"217 Thompson St New York, NY 10012",(646)767-0147,
Serengeti Teas & Spices,"22 E 125 St New York, NY 10035",(212)837-1057,http://www.serengetiteasandspices.com/
Floating Mountain,"239 W 72nd St Fl 02 New York, NY 10023",(646)852-6555,https://www.floating-mountain.com
Fang Gourmet Tea,"135-25 Roosevelt Ave Flushing, NY 11354",(888)888-0216,http://www.fangtea.com
Tea and Milk,"32-02 34th Ave Astoria, NY 11106",(347)921-2056,http://www.teaandmilk.com
Luv Tea,"37A Bedford St New York, NY 10014",(212)804-7600,https://luv-tea.com
Jinyunfu Tea Shop,"40 W 25th St Ste 224 New York, NY 10010",(646)833-9969,
Physical GraffiTea,"96 St Marks Pl New York, NY 10009",(212)477-7334,http://physicalgraffitea.com/
Radiance Tea House and Books,"158 W 55th St New York, NY 10019",(212)217-0442,http://www.radiancetea.com/
Cha-An,"230 E 9th St Fl 2 New York, NY 10003",(212)228-8030,http://www.chaanteahouse.com
Bellocq Tea Atelier,"104 West St Brooklyn, NY 11222",(347)463-9231,http://www.bellocq.com
Prince Tea House,"31-47 Steinway St Astoria, NY 11103",(929)208-0072,
Chrysanthemum Rare Teas & Flowers,"669 Washington Ave New York, NY 11238",(347)955-5401,http://www.chrysanthemumbrooklyn.com
Alice’s Tea Cup,"102 W 73rd St New York, NY 10023",(212)799-3006,http://www.alicesteacup.com/
Chu Tea,"471 5th Ave Brooklyn, NY 11215",(718)788-1113,http://www.chububbletea.com
Tea Ceremony,"Brooklyn, NY 11217",,
Setsugekka East Village,"74 E 7th St New York, NY 10003",(646)895-9586,https://www.setsugekkaNY.com
Feng Cha,"99 Chrystie St New York, NY 10002",(917)558-2988,http://www.fengchanyc.com
HARBS,"198 9th Ave New York, NY 10011",(646)336-6888,http://www.harbsnyc.com
Puerh Brooklyn,"174 Grand St Williamsburg, NY 11211",(646)238-2623,http://www.puerhbrooklyn.com/
Grace Street,"17 W 32nd St New York, NY 10001",(917)745-2125,http://bygracestreet.com/
Tianti Books,"535 8th Ave New York, NY 10018",(888)842-6845,http://www.tiantibooks.org
Po Toi O x 1314 Tea House,"82-53 Broadway New York, NY 11373",,
Gullah Girl Tea,"Brooklyn, NY 11221",(917)651-5553,http://www.gullahgirltea.com
Mood Tea,"161 Havemeyer St Brooklyn, NY 11211",,
Teadora,"6609 Fort Hamilton Pkwy Brooklyn, NY 11219",(718)238-2828,http://www.teadorausa.com
DAVIDsTEA,"1124 3rd Ave New York, NY 10014",(212)717-1116,http://www.davidstea.com/3rd-avenue
Ten Ren’s Tea Time,"73 Mott St New York, NY 10013",(212)732-7178,http://www.tenrenusa.com/index.php?Itemid=46&task=view&option=com_content&id=26
Mi Tea,"135-29 Roosevelt Ave Flushing, NY 11354",(718)358-9188,
Takahachi Bakery,"25 Murray St New York, NY 10007",(212)791-5550,http://takahachibakery.com
Antidote Apothecary + Tea Bar,"200 Franklin St Brooklyn, NY 11222",(929)276-3905,https://antidotebrooklyn.com
Shiny Tea,"2667 Broadway New York, NY 10025",(212)222-6134,
Ateaz,"116-29 Metropolitan Ave Kew Gardens, NY 11415",(347)494-5391,http://www.ateaz.com
Gong Cha,"75 W 38th St New York, NY 10018",(212)398-2716,http://www.gongchausa.com
McNulty’s Tea & Coffee Co,"109 Christopher St New York, NY 10014",(212)242-5351,http://www.mcnultys.com
The 3rd Floor New York,"359 Manhattan Ave Brooklyn, NY 11211",(347)916-1920,http://www.the3rdfloornewyork.com
Argo Tea,"949 Broadway New York, NY 10010",(646)755-7262,http://www.argotea.com
PaTea,"227 E 14th St New York, NY 10003",(917)862-2691,http://www.pateabubbletea.com
Communitea,"11-18 46th Rd Long Island City, NY 11101",(718)729-7708,
Urban Backyard,"180 Mulberry St New York, NY 10012",(646)692-9957,http://www.urbanbackyardnyc.com
Lion’s Milk,"104 Roebling St Brooklyn, NY 11211",(718)599-0099,http://www.lionsmilkbrooklyn.com
Motea Garden,"36-09 Main St CU8 Flushing, NY 11354",(917)285-2000,http://www.moteagarden.com
TBaar,"36 W 36th St New York, NY 10018",(646)982-9639,http://www.tbaar.com
Teas Me Dear,"39-01 Main St Flushing, NY 11354",(347)882-0288,
Alimama,"89A Bayard St New York, NY 10013",(212)235-7288,https://www.alimamanyc.com
Round K,"99 Allen St New York, NY 10002",(917)475-1423,http://www.roundk.com
Ladurée Madison Ave,"864 Madison Ave New York, NY 10021",(646)558-3157,http://www.laduree.com
Matcha n’ More,"177 Hester St New York, NY 10013",(646)838-7594,http://www.matchanmore.com
Sun’s Organic Garden,"79 Bayard St New York, NY 10013",(917)362-6662,
Cloud 9 Crepes,"434 Marcus Garvey Blvd Brooklyn, NY 11216",(718)443-4796,https://www.cloud9crepes.com
Tamra Teahouse,"1524 Bergen St Brooklyn, NY 11213",(347)406-7710,https://www.tamrateahouse.com
The Tea Bar,"1636 Palisade Ave Ste 4 Fort Lee, NJ 07024",(201)944-0858,http://www.teabarnj.com
MatchaBar Soho,"70 Prince St New York, NY 10012",(212)253-7854,http://www.matchabarnyc.com
Ateaz Organic Coffee & Tea Upper East Side,"1575 2nd Ave New York, NY 10028",(212)535-8333,http://www.aateaz.com
Moge Tee,"69 Cooper Sq New York, NY 10003",(917)675-7697,https://www.mogeteeusa.com
Janam Tea,"67 Clinton St Fl 2 The Burgary New York, NY 10002",(212)804-8120,http://www.janamtea.com
Kings’ Carriage House,"251 E 82nd St New York, NY 10028",(212)734-5490,http://www.kingscarriagehouse.com
Teazzi Tea Shop,"47 W 14th St Ste 3 New York, NY 10011",(917)268-1999,http://www.teazzi.com
Yaya Tea Garden,"51 Chrystie St New York, NY 10002",(212)226-8803,http://www.yayatea.com
dot & line,"253 Bergen St Brooklyn, NY 11217",(929)433-6111,http://www.dotandlinebk.com
Matchaful Café,"25 Jay St Brooklyn, NY 11201",(646)846-9077,http://www.matchaful.com
Culture 36,"247 W 36th St New York, NY 10018",(646)861-3553,http://www.cultureespresso.com/
Brooklyn Habit,"405 Smith St Brooklyn, NY 11231",(917)750-8301,http://www.brooklynhabit.com
Optimistic Cafe,"260 W 39th St New York, NY 10018",(646)998-3970,
Earnest Tea,"5822 8th Ave Brooklyn, NY 11220",(347)889-5116,
IF Cha Tea,"8507 Bay Pkwy Brooklyn, NY 11214",(234)320-0123,
Fly Long Tea,"4715 8th Ave Brooklyn, NY 11220",,
Mi Tea,"5814 7th Ave Brooklyn, NY 11220",(718)650-7577,
Tea Magic,"239 W 72nd St New York, NY 10023",(212)712-2227,
Kam Hing Coffee Shop,"118 Baxter St New York, NY 10013",(212)925-0425,
Mr. Wish,"122 Bedford Ave Brooklyn, NY 11249",(718)269-8684,http://www.mrwishusa.com
Tea Magic,"2878 Broadway New York, NY 10025",(212)666-3665,
Mudflow Tea House,"5602 8th Ave Sidedoor Brooklyn, NY 11220",(646)667-9675,https://mudflowtea.com
The Uncommons,"230 Thompson St New York, NY 10012",(646)543-9215,http://uncommonsnyc.com
DavidsTea,"275 Bleecker St Unit W-14A New York, NY 10014",(212)414-8599,https://www.davidstea.com/ca_en/storepage/00074
Patisserie Tomoko,"568 Union Ave Brooklyn, NY 11211",(718)388-7121,http://patisserietomoko.com
Yun Xiang Tea Shop,"136-20 Roosevelt Ave Ste 245 New York, NY 11354",(718)353-8768,
Mi Tea,"19-23 St Marks Pl Ste 23 New York, NY 10003",,http://miteaus.com
Ten Ren Tea & Ginseng,"13518 Roosevelt Ave Flushing, NY 11354",(718)461-9305,http://www.tenrenusa.com
Alice’s Tea Cup Chapter II,"156 E 64th St New York, NY 10065",(212)486-9200,https://alicesteacup.com/chapter-ii/
Uluh,"152 2nd Ave Ste A New York, NY 10003",(917)261-5963,
Red Fleece Café,"901 Broadway At 20th St New York, NY 10003",(212)228-3580,"http://www.brooksbrothers.com/RedFleeceCafe/redfleececafe,default,pg.html"
Boba Guys,"265 Canal St New York, NY 10013",,http://www.bobaguys.com
LĒNA Coffee Bar,"1 W 8th St Ste B New York, NY 10011",(212)979-2315,http://www.lenacoffee.com
Mon Amour Coffee & Wine,"234 W 238th St Bronx, NY 10463",(718)708-7804,
MisFits Nutrition,"11514 Queens Blvd Queens, NY 11375",(203)806-0609,
T2,"140 Smith St Boerum Hill, NY 11201",(800)718-4036,http://www.T2Tea.com
Moa Coffee,"43-04 30th Ave Queens, NY 11103",(929)328-0043,
Cafe At Sel Rrose,"1 Delancey St Sel Rrose New York, NY 10002",(212)226-2510,http://selrrose.com/thecafe
969 NYC Coffee,"37-61 80th St Jackson Heights, NY 11372",(646)203-7304,http://www.969nyccoffee.com
Cafe Bliss,"45-01 Queens Blvd Sunnyside, NY 11104",(347)277-0624,
T2 Tea,"188 Columbus Ave New York, NY 10023",(646)998-5010,http://www.t2tea.com
BG Restaurant,"754 5th Ave New York, NY 10019",(212)872-8977,http://www.bergdorfgoodman.com/BG/BG-Restaurant/cat485403/c.cat
Teemo bubble tea,"5915 4th Ave Brooklyn, NY 11220",(646)690-4991,
Bon Vivant New York,"231 E 58th St New York, NY 10022",(646)481-4044,http://www.bonvivantnewyork.com
Two E Bar/Lounge,"2 E 61st St New York, NY 10065",(212)940-8113,http://www.twoeny.com
Devocion,"276 Livingston St Brooklyn, NY 11201",(718)285-6180,http://www.devocion.com
Sanctuary T,"337B W Broadway Ste B New York, NY 10013",(212)941-7832,http://www.sanctuaryt.com
Korean Red Ginseng,"315 5th Ave Ste 1 New York, NY 10016",(212)685-2304,
HARBS - Upper East Side,"1374 3rd Ave New York, NY 10075",(646)896-1511,http://www.harbs.co.jp/harbs/newyork/
Yaya Tea Garden,"206 Grand St New York, NY 10013",(212)929-2832,http://yayatea.com
Beard Papa’s,"239 E 53rd St New York, NY 10022",(212)935-6308,http://www.beardpapas.com
Masseria Caffé & Bakery,"235 W 48th St New York, NY 10036",(212)969-0900,http://www.masseriacaffenyc.com
Citizens of Chelsea,"401 W 25th St New York, NY 10001",(646)649-3079,http://www.citizensofchelsea.com
80’s Tea,"6815 Bay Pkwy Brooklyn, NY 11204",(917)933-9886,
Ix Restaurant,"43 Lincoln Rd Brooklyn, NY 11225",(347)533-6920,https://www.ixrestaurantnyc.com
The Best Tea Shop,"88 E Broadway Unit 123A New York, NY 10002",(917)345-7727,
Argo Tea,"1792 Broadway New York, NY 10019",(646)502-7250,http://www.argotea.com
MatchaBar,"256 W 15th St New York, NY 10011",(212)627-1058,http://matchabarnyc.com/
DAVIDsTEA,"688 6th Ave New York, NY 10010",(212)229-0002,https://www.davidstea.com/ca_en/storepage/00104
Patisserie Chanson,"20 West 23rd St New York, NY 10010",(929)423-8880,https://patisseriechanson.com
Konditori,"135 William St New York, NY 10038",(646)692-3229,http://www.konditori.com/our-locations/new-york-financial-district/
The Mill Coffee Company,"44-61 11th St Long Island City, NY 11101",(718)843-6455,http://themillcoffeelic.com
ITO En,"20 Jay St Ste 530 Brooklyn, NY 11201",(718)250-4000,http://www.itoen.com
Mellow Yellow Coffee and Vibes,"1729 1st Av New York, NY 10128",(212)722-7220,
Café Beit,"158 Bedford Ave Brooklyn, NY 11249",(917)909-1430,http://cafebeit.com
Café Zaiya,"18 E 41st St New York, NY 10017",(212)779-0740,http://www.zaiyany.com
Tenny & Betsy - Tea and Pop-Ups,"197 E 76th St New York, NY 10021",(646)726-4000,http://tennyandbetsy.com
Manon Café,"120 Broadway New York, NY 10271",(212)766-6100,http://www.manoncafe.com/newyork.htm
Gong Cha,"200 Broadway Fulton Center New York, NY 10038",(212)227-1024,http://www.gongchausa.com
Mille-Feuille Bakery,"2175 Broadway New York, NY 10036",(212)362-6261,http://www.millefeuille-nyc.com/
Yaya Tea Garden,"86-12 Whitney Ave Elmhurst, NY 11373",(347)569-8252,http://www.yayatea.com
MomenTea,"64 7th Ave New York, NY 10011",(212)510-8995,http://momenteausa.com
Cha Cha Matcha,"373 Broome St New York, NY 10013",(646)895-9484,http://chachamatcha.com
Besfren,"315 5th Ave New York, NY 10016",(212)685-1003,http://www.besfren.com
Hui Tea,"240A Canal St New York, NY 10013",,
Yaya Tea Garden,"284 3rd Ave New York, NY 10010",(917)261-4676,http://yayatea.com
TKK Fried Chicken,"115 E 23rd St New York, NY 10010",(646)476-2013,https://www.tkkusa.com
IntoTea,"163 Gates Ave New York, NY 11238",(347)889-5239,
DTUT,"1744 2nd Ave New York, NY 10128",(212)410-6449,http://dtutcafe.com/
OS Cafe,"535 6th Ave Ste A Brooklyn, NY 11215",(347)213-4365,http://www.oscafebrooklyn.com
12 Corners Coffee,"155 E Broadway New York, NY 10002",(212)625-8888,http://12cornerscoffee.com
RISE Cafe - Delancey,"79 Delancey St New York, NY 10002",(646)400-0410,http://risebrewingco.com
Bluestone Lane,"805 3rd Ave New York, NY 10022",(718)374-6858,https://bluestonelane.com/coffee-shops/midtown-east/
Postmark Cafe,"326 6th St Brooklyn, NY 11215",(718)768-2613,
Sugarburg,"519 Metropolitan Ave Brooklyn, NY 11211",(917)618-3029,http://www.sugarburg.com/
Cha Cha Matcha,"1158 Broadway New York, NY 10001",(646)895-9484,https://chachamatcha.com
Tap NYC,"267 Columbus Ave New York, NY 10023",(917)595-7012,https://www.tapnyc.com
Simple NYC,"109 Eldridge St New York, NY 10002",(646)870-8292,http://www.simple-nyc.com
Mulberry House,"415 Westfield Ave Westfield, NJ 07090",(908)233-3562,http://mulberryhouserestaurant.com
The Spot,"61-05 Madison St Ridgewood, NY 11385",(929)228-9957,
Little Skips Cafe,Located in Three Jewels,(646)964-5736,https://www.threejewels.org/cafe
Laughing Man Coffee & Tea,Located in New York Mercantile Exchange,(212)227-3240,http://laughingmanfoundation.org
Marine Park Coffee,"3602-B Quentin Rd Brooklyn, NY 11234",,http://www.marineparkcoffee.com
Coffee RX,"1504 86th St Brooklyn, NY 11228",(347)996-4533,http://www.thecoffeerx.com
Kobrick Coffee,"24 9th Ave New York, NY 10014",(212)255-5588,http://www.kobricks.com/locations.asp
Kaigo Coffee Room,"120C Lafayette St New York, NY 10013",(646)504-5353,
Kung Fu Tea,"40 Hoyt St Brooklyn, NY 11201",(347)294-0232,https://www.kungfutea.com
Filicori Zecchini,"2541 Broadway New York, NY 10025",(646)918-7717,http://www.filicorizecchini.com
Demitasse Coffee & Tea,"973 Columbus Ave New York, NY 10025",(646)861-2667,
Bluestone Lane,"435 W 31st St New York, NY 10001",(718)374-6858,https://bluestonelane.com/cafes/manhattan-west/
Menú,"34-56 33rd St Long Island City, NY 11106",(718)685-2566,
Bluestone Lane,"1085 5th Ave New York, NY 10128",(718)374-6858,https://bluestonelane.com/cafes/upper-east-side/
Kusmi Tea,"1 W 59th St The Plaza Food Hall New York, NY 10019",(212)486-2843,http://kusmitea.com
Minamoto Kitchoan,"509 Madison Ave New York, NY 10022",(212)489-3747,http://www.kitchoan.com/
Agavi Organic Juice Bar,"271 11th Ave New York, NY 10001",(212)564-1859,http://www.agavijuice.com
Made by Pauline,"Macy's Herald Square New York, NY 10001",(212)494-1003,http://www.madebypauline.nyc
SIPS + MAKER,"312 New Dorp Ln Staten Island, NY 10306",(718)668-9474,
Purple Dough,"3805 69th St Woodside, NY 11377",(718)433-9923,https://purpledough.com
Champion Coffee,"1107 Manhattan Ave Brooklyn, NY 11222",(347)987-3851,http://championcoffee.com
On Your Mark Cafe,"639 Forest Ave Staten Island, NY 10310",(718)981-8100,http://www.onyourmark.org/community/cafe/
High Societea Tea Room,"20 Old Newark Pompton Tpke Wayne, NJ 07470",(973)696-8327,http://www.highsocieteanj.com
Chatime Station,"9711 64th Ave Rego Park, NY 11374",(646)598-8832,http://www.mkt.com/chatimestation
Café Esencia,"68-38 Forest Ave Storefront D Ridgewood, NY 11385",,http://www.cafe-esencia.com
Queen’s Room,"3602 Ditmars Blvd Astoria, NY 11105",(347)987-3994,http://www.queensroomnyc.com
Pembroke Room,"28 E 63rd St New York, NY 10065",(212)838-1400,https://www.lowellhotel.com/restaurants-and-bar/pembroke-room/57-4/
Loud Baby,"696 Flatbush Ave Store3 Brooklyn, NY 11225",(718)938-9782,
Kung Fu Tea,"73 Chrystie St New York, NY 10002",(646)288-4936,https://www.kungfutea.com
Kahve,"667 10th Ave New York, NY 10036",(646)649-4503,http://kahvenyc.com
Perk Kafe,"162 E 37th St New York, NY 10016",(212)686-7375,http://perkkafe.com
LC Tea Trading Inc,"123 Elizabeth St Ground Floor New York, NY 10013",(347)835-8429,
Spare Moment Coffee Roasters,"368 McGuinness Blvd Brooklyn, NY 11222",(718)383-4888,
The Panorama of My Silence-Heart,"84-73 Parsons Blvd Jamaica, NY 11432",(718)206-4960,http://www.panoramacafe.org/
Pata Cafe,"5614 Van Horn St Elmhurst, NY 11373",(347)469-7142,
Little Choc Apothecary,"141 Havemeyer St Brooklyn, NY 11211",(718)963-0420,http://www.littlechoc.nyc
Bao Bao Tea （可胜茶）,"5411 7th Ave Brooklyn, NY 11220",(917)886-1963,
Southern Cross Coffee,"300 E 5th St New York, NY 10003",(646)649-3463,https://www.southerncrosscoffee.com
Charley St,"41 Kenmare St New York, NY 10012",(646)286-6654,http://www.charleyst.com
Möge Tee,"90 Canal St New York, NY 10002",(646)858-0257,https://moge-tee.business.site
Radiance,"208 E 50th St 2nd & 3rd Ave New York, NY 10022",(212)888-8060,http://www.radiancetea.com
Oolong Tea & Poke Bowl,"133 Front St Secaucus, NJ 07094",(201)552-2001,http://www.oolongpoke.com
Cafe M,"709 Seneca Ave Queens, NY 11385",(646)949-1811,https://cafem-coffeeshop.business.site
Mr. Wish,"80-62 Lefferts Blvd Kew Gardens, NY 11415",(347)767-4344,http://www.mr-wish.com/en/home.php
Brooklyn Kolache,"520 Dekalb Ave Brooklyn, NY 11205",(718)398-1111,http://www.brooklynkolacheco.com
Spices & Tease,"78 Grand Central Terminal New York, NY 10017",(347)470-8327,http://www.spicesandtease.com
Tisserie 55,Located in Park Central Hotel New York,(212)463-0850,http://www.tisserie.com/
La Maison du Macaron,"132 W 23rd St New York, NY 10011",(212)243-2757,http://www.nymacaron.com
Astoria Coffee,"30-04 30th St Astoria, NY 11102",(347)619-3915,http://www.astoriacoffeeny.com
Jupioca,"135 Lawrence St Brooklyn, NY 11201",,
Kung Fu Tea,"1219 1st Ave New York, NY 10065",(917)675-6987,https://www.kungfutea.com
19 Cafe,"84 Manhattan Ave New York, NY 11206",(718)387-8777,
Firefly Petite Café Bistro,"4512 43rd Ave Sunnyside, NY 11104",(718)255-1591,https://www.fireflynewyork.com
Molasses Books,"770 Hart St Brooklyn, NY 11237",,
Argo Tea,"75 University Pl New York, NY 10003",(718)530-0520,http://www.argotea.com
Kusmi Tea,"185 Greenwich St - Westfield World Trade Ctr South Concourse, Balcony level New York, NY 10007",(212)285-3990,http://www.kusmitea.com
Marcy & Myrtle Cafe,"101 N 10th St Brooklyn, NY 11249",(917)648-7800,https://www.marcyandmyrtle.com/marcyandmyrtlewilliamsburg
The Granddaddy,"290 Grand St New York, NY 10002",(917)388-2233,http://www.thegranddaddy.nyc
Look By Plant Love House,"622 Washington Ave Brooklyn, NY 11238",(718)622-0026,http://plantlovehouse.wix.com/thai
Joyce Bakeshop,"646 Vanderbilt Ave Brooklyn, NY 11238",(718)623-7470,http://www.joycebakeshop.com
CoCo Fresh Tea & Juice,"129 E 45th St New York, NY 10017",(212)518-8808,http://www.cocobubbletea.com
Fusion Juice Bar 2,"34-02 36th Ave Astoria, NY 11106",(347)738-4024,
Juice Vitality,"18 Beaver St New York, NY 10004",(917)605-9105,
Gong Cha,"160 E 44th St New York, NY 10017",(646)707-3375,http://www.gongchausa.com
Coffee Factory,"40-18 150th St Flushing, NY 11354",(917)704-9860,
Flor Cafe,"1013 Fulton St Brooklyn, NY 11238",(929)295-0713,
The Morgan Cafe,"225 Madison Ave New York, NY 10016",(212)683-2130,http://www.themorgan.org/visit/dining.asp
The Sensuous Bean,"66 W 70th St New York, NY 10023",(212)724-7725,http://www.sensuousbean.com
Taylor St Baristas,"33 E 40th St New York, NY 10017",(212)251-0719,https://www.taylor-st.com/pages/new-york
Laughing Man Coffee & Tea,"184 Duane St New York, NY 10013",(212)680-1111,https://www.laughingmanfoundation.org/index-home
Millie’s Cuban Cafe,"151 Wilson Ave Brooklyn, NY 11237",(347)425-8253,http://milliescubancafe.com
Maman Soho,"239 Centre St New York, NY 10013",(212)226-0700,https://www.mamannyc.com
Anda Cafe,"162 E 25th St New York, NY 10010",(718)806-1905,http://www.andacafeusa.com
Coco Fresh Tea & Juice,"8612 5th Ave Brooklyn, NY 11209",(929)292-2313,
Maman Nomad,"22 W 25th St New York, NY 10010",(646)838-0700,https://www.mamannyc.com/nomad/
Kaffe 1668,"530 5th Ave New York, NY 10036",(646)559-2637,http://kaffe1668.com/
PROOF Coffee Roasters,"420 5th Ave New York, NY 10018",(646)852-6532,https://www.proof.coffee
Sacred Vibes Apothecary,"376 Argyle Rd Brooklyn, NY 11218",(718)284-2890,http://www.sacredvibeshealing.com/
I Eat,"1187 Morrison Ave Bronx, NY 10472",(718)618-7322,http://ieatcafe.com
Blank Slate Coffee + Kitchen,"121 Madison Ave New York, NY 10016",(212)683-7800,http://www.blankslatenyc.com
CoCo Fresh Tea & Juice,"12 John St New York, NY 10038",(718)877-3901,
Brooklyn Ball Factory,"95 Montrose Ave Brooklyn, NY 11206",(718)387-5296,https://www.brooklynballfactory.com
Demi Monde,"257 Varet St Brooklyn, NY 11206",(929)250-2687,http://www.demimondebk.com
Roast n,"82-60 Austin St Kew Gardens, NY 11415",(718)850-5050,http://www.roastnco.com
Drink Tea,"4722 8th Ave Brooklyn, NY 11220",(347)689-4589,
Boba Guys,"11 Waverly Pl New York, NY 10002",(415)967-2622,http://www.bobaguys.com/new-york-locations/
Momo Ashi,"40-06 Bell Blvd Bayside, NY 11361",,
Bread & Joe,"618 4th Ave Brooklyn, NY 11215",(516)945-9711,https://www.breadandjoe.com
Rosa’s Cafe,"3003 38th Ave Long Island City, NY 11101",(718)784-7906,
Coffee Project NY,"239 E 5th St New York, NY 10003",(212)228-7888,http://www.coffeeprojectny.com
Ashbox,"1154 Manhattan Ave Brooklyn, NY 11222",(718)389-3222,
The Big Straw,"276 First St Jersey City, NJ 07302",(201)676-0474,http://www.lovethebigstraw.com/
Gran Caffe’ De Martini,"609 Vanderbilt Ave Brooklyn, NY 11238",(929)306-8332,http://www.grancaffedemartini.com
Radicle Herb Shop,"394 Atlantic Ave Brooklyn, NY 11217",(718)422-7981,http://www.radicleherbshop.com
Bluestone Lane,"1375 Broadway New York, NY 10018",(718)374-6858,https://bluestonelane.com/coffee-shops/garment-district/
Beans and Leaves,"422 Forest Ave Staten Island, NY 10301",(718)448-0276,http://beansandleavescafe.com
Kung Fu Tea,"28 St Marks Pl New York, NY 10003",(917)285-4285,https://www.kungfutea.com
Le Paris Dakar restaurant,"563 Nostrand Ave Brooklyn, NY 11216",(718)928-7661,
Cream Coffee & Tea Shop,"7210 B 3rd Ave Brooklyn, NY 11209",(718)333-5288,
Hungry Ghost,"781 Fulton St Brooklyn, NY 11217",(718)797-3595,http://www.hungryghostbrooklyn.com/fort-greene
Art Lovers Cafe,"180 9th Ave New York, NY 10011",,
Woops! BakeShop,"620 5th Ave Brooklyn, NY 11215",(718)788-0511,https://bywoops.com/greenwoodhts/
Fermento,"358 Kosciuszko St Brooklyn, NY 11221",(347)529-2145,https://www.fermentonyc.com
Crocus Juice Bar and Cafe,"328 Tompkins Ave Brooklyn, NY 11216",(718)230-1639,http://www.crocuscafenyc.com
King’s Street Coffee,"121 W 30th St New York, NY 10001",(212)335-0333,
Paper Coffee,"44 W 29th St New York, NY 10001",,
Clinton Fruit Market,"681 9th Ave New York, NY 10036",(646)998-3474,
Variety,"146 Wyckoff Ave Brooklyn, NY 11237",(718)497-2326,http://www.varietycoffeeroasters.com
Inès,"419 E 74th St New York, NY 10021",(212)796-6303,http://inesnyc.com
ViVi-Gobile,"8508 5th Ave Brooklyn, NY 11209",(718)333-5709,http://www.vivibubbletea.com
Forever Coffee Bar,"714 W 181st St New York, NY 10033",(646)882-0009,
Kung Fu Tea,"536 Washington St Hoboken, NJ 07030",(201)222-9091,https://www.kungfutea.com
Northerly,"181 Havemeyer St Brooklyn, NY 11211",(718)388-1101,
Martha’s Country Bakery,"263 Bedford Ave Brooklyn, NY 11211",(718)599-0900,http://marthascountrybakery.com/location/williamsburg
Peck’s,"455A Myrtle Ave New York, NY 11205",(347)689-4969,http://www.peckshomemade.com/
Companion Cafe,"64 6th Ave Brooklyn, NY 11217",(347)689-3184,
Cafe Patoro,"223 Front St New York, NY 10038",(917)262-0031,http://www.cafepatoro.com
Hutch & Waldo,"247 E 81st St New York, NY 10028",,http://www.hutchandwaldo.cafe
Brother Crêpe,"42-02 30th Ave Astoria, NY 11103",(718)606-0774,http://brothercrepe.com
Black Cat LES,"172 Rivington St New York, NY 10002",(646)918-7711,http://www.blackcatles.com
Patent Coffee,"49 W 27th St New York, NY 10001",(212)689-4000,http://www.drinkpatent.com
Majnoon Cafe,"128-12 Liberty Ave Queens, NY 11419",(718)323-5100,
Sunnyside Plays,"43-09 48th Ave Woodside, NY 11377",(929)328-0757,http://sunnysideplays.com
Hearts Coffee Bushwick,"1207 Broadway Brooklyn, NY 11221",,
2beans,"817 Avenue Of The Americas New York, NY 10001",(212)937-8914,http://www.2beans.com
Gong Cha,"5723 8th Ave Brooklyn, NY 11220",(929)397-0004,http://www.gongchausa.com
La Colombe Coffee,"601 W 27th St New York, NY 10001",(646)885-0677,http://www.lacolombe.com
Vogue Café,"177 York St Jersey City, NJ 07302",(201)763-6972,http://www.voguecafenj.com
Cafe Cotton Bean,"1077 Bergen St Brooklyn, NY 11216",,
Caprices By Sophie,"138 N 6th St Brooklyn, NY 11211",(347)689-4532,http://www.capricesbysophie.com
Seeds of Love,"421 Court St Carroll Gardens, NY 11231",(718)928-4002,http://seedsoflovebrooklyn.com
La Casa Del Caffe,"1036 Morris Park Ave Bronx, NY 10461",(718)931-7816,
Gong Cha,"2810 Broadway New York, NY 10025",(646)850-6566,http://www.gongchausa.com
Daly Pie,"665 Vanderbilt Ave Brooklyn, NY 11238",(347)425-9251,https://www.dalypie.com
Ciolaingo Coffee Company,"127 W 141st St Ste 36 New York, NY 10030",(646)483-2680,http://www.ciolaingo.com
Utepia Tea,"167 Canal St New York, NY 10013",,http://www.utepiausa.com/about-us
Kung Fu Tea,"1422 Ave U Brooklyn, NY 11229",(718)819-9079,https://www.kungfutea.com
Eclair Bakery,"305 E 53rd St New York, NY 10012",(212)759-2253,http://www.eclairbakery-nyc.com/
Happy Bones NYC,"394 Broome St New York, NY 10013",(212)673-3754,http://happybonesnyc.com/
Momochai,"57-16 Woodside Ave Woodside, NY 11377",(347)730-6089,
Fat Cat Kitchen,"223 E 14th St New York, NY 10003",(212)235-1994,http://fatcatkitchen.com
Coffee Tossy,"42-14 Greenpoint Ave Sunnyside, NY 11104",(929)522-0944,
Sugar Hill Creamery,"184 Lenox Ave New York, NY 10026",(212)634-9004,http://www.sugarhillcreamery.com
Wang Lao Ji - New York - Herbal Tea Museum,"221 Grand St New York, NY 10013",,
Heart of Tea,"419 Lafayette St Fl 2 Manhattan, NY 10003",(917)725-3164,http://www.heartoftea.com
Chalsty’s Cafe,"1220 Fifth Ave Museum of City of New York New York, NY 10029",,
Cool Fresh Juice Bar,"2661 A Broadway Manhattan, NY 10025",(646)756-9928,
FIKA,"824 10th Ave New York, NY 10019",(646)490-7650,http://www.fikanyc.com
Idea Coffee,"246 5th Ave New York, NY 10001",(646)896-1533,http://www.ideacoffeenyc.com
La Colombe Coffee,"75 Vandam St New York, NY 10013",(212)929-9699,http://www.lacolombe.com/?utm_source=Yelp&utm_medium=Display-URL&utm_campaign=nyc-hudson-sq
Crepe Factory,"7306 3rd Ave Brooklyn, NY 11209",(718)333-5914,http://www.crepefactorynyc.com
Birch Coffee,"8 Spruce St New York, NY 10038",(212)686-1444,http://birchcoffee.com/locations/wall-street
Birch Coffee,"134 1/2 E 62nd St New York, NY 10065",(212)686-1444,http://www.birchcoffee.com
Kulu Desserts,"86-55 Broadway Elmhurst, NY 11373",(718)751-9898,http://www.kuludesserts.com/location--order-online.html#elmhurst
Wattle Cafe,"489 3rd Ave (BETWEEN E 33RD & 34TH ST.) New York, NY 10016",(646)918-7042,https://www.wattlecafe.com
Rhythm & Beets Juice Café,"100-04 101st Ave Ozone Park, NY 11416",(718)880-2587,
SkyIce Sweet & Savory,"63 5th Ave Brooklyn, NY 11217",(718)230-0910,http://skyice.net
Tasty Mug Cafe,"1798 3rd Ave New York, NY 10029",(646)850-0431,http://www.tastymugcafe.com
Bushwick Grind,"63 Whipple St Unit 1L Brooklyn, NY 11206",(929)337-6007,
Juicy Cube,"674 Lexington Ave New York, NY 10022",(212)888-2188,
Bluestone Lane,"1114 Avenue Of The Americas New York, NY 10036",(718)374-6858,https://bluestonelane.com
Mia’s Bakery,"139 Smith St Brooklyn, NY 11201",(347)987-3194,http://www.miasbrooklyn.com
Box Kite Coffee,"128 W 72nd St New York, NY 10023",(212)574-8202,http://boxkitecoffee.com/
Jill Lindsey,"370 Myrtle Ave Brooklyn, NY 11205",(347)987-4538,http://jilllindsey.com/
The Grind Shop,"360 Communipaw Ave Jersey City, NJ 07304",(201)547-8377,http://www.grindcoffeejc.com
Society Cafe,"52 W 13th St New York, NY 10011",(347)441-4942,https://www.societycafenyc.com
Koala Cafe,"905 Franklin Ave Ste A Brooklyn, NY 11225",(347)405-8768,
PROOF Coffee Roasters,"65 Nassau St New York, NY 10038",(212)233-3985,http://proof.coffee
The Little Sweet Cafe,"77B Hoyt St Boerum Hill, NY 11201",(718)858-8998,
Prince Coffee House,"2306 Arthur Ave Bronx, NY 10458",(646)875-1868,
Mee Cafe,"26 Rutgers St New York, NY 10002",(646)996-0029,
Topos Bookstore Cafe,"788 Woodward Ave Ridgewood, NY 11385",(347)927-5680,http://www.toposbookstore.com
Little Canal,"26 Canal St New York, NY 10002",(917)472-7479,
Piece A Cake,"177 New Dorp Ln New York, NY 10306",(718)980-2253,http://pieceacakenyc.com/
Juicy Spot Cafe,"33 Pell St New York, NY 10013",(646)870-0188,http://juicyspotcafe.com
YehCakes,"New York, NY 10010",(646)883-9347,http://www.yehcakes.com
Audrey’s Concerto,"7115 3rd Ave Brooklyn, NY 11209",,
Paris Baguette,"97 Court St Brooklyn, NY 11201",(718)797-0404,http://www.parisbaguetteusa.com/
Woops! BakeShop,"548 Driggs Ave Brooklyn, NY 11211",(718)384-4410,https://bywoops.com/williamsburg/
Orchid Tea House,"7116 20th Ave Bensonhurst, NY 11204",(917)601-5061,http://www.orchidteahouse.com/
Tic-Tac-Toe Bakery & More,"9303 3rd Ave Brooklyn, NY 11209",(347)517-4816,http://www.tictactoebakery.com
Vivi Bubble Tea,"205 Allen St New York, NY 10002",(646)651-7779,http://www.vivibubbletea.com
Jupioca,"136 Church St New York, NY 10007",,
Kahve,"786 9th Ave New York, NY 10019",(212)256-0207,http://www.kahvenyc.com
Joe Coffee Company,"271 Amsterdam Ave New York, NY 10023",,http://www.joenewyork.com
Hex & Company,"2871 Broadway New York, NY 10025",(212)439-1008,http://hexnyc.com
Kung Fu Tea,"86-12 Justice Ave Elmhurst, NY 11377",(718)899-1189,https://www.kungfutea.com
Château le Woof,"31-01 Vernon Blvd Astoria, NY 11106",(718)626-9663,http://www.chateaulewoof.com
Khao Nom,"42-06 77th St Elmhurst, NY 11373",(929)208-0108,
Four & Twenty Blackbirds,"439 3rd Ave Brooklyn, NY 11215",(718)499-2917,http://birdsblack.com
Crossbar Café,"34-23 38th St Queens, NY 11101",(646)417-9646,https://www.u90soccercenter.com/crossbar-cafe
mochii,"116 E 7th St New York, NY 10009",(212)473-3897,http://www.mochiinyc.com
Parlor Coffee,"11 Vanderbilt Ave Brooklyn, NY 11205",(917)966-6070,http://parlorcoffee.com
OCD CAFE,"1196 Avenue Of The Americas Unit 1 New York, NY 10036",(212)575-2806,http://www.ocdcafe.com
Birch Coffee,"432 Third Ave New York, NY 10016",(212)686-1444,http://birchcoffee.com
Minnie’s Bake Shop,"10 E 13th St Manhattan, NY 10003",(646)229-5102,http://www.minniesbakeshop.com
William Greenberg Desserts,"1100 Madison Ave New York, NY 10028",(212)744-0304,http://www.wmgreenbergdesserts.com
Cafe Frederick,"2104 Frederick Douglass Blvd New York, NY 10026",(212)222-1987,http://www.cafefrederick.com
Coco Fresh Tea & Juice,"37-01 82nd St Jackson Heights, NY 11372",(718)533-9496,
2Beans,"100 Park Ave Ste 1600 New York, NY 10017",(212)937-8914,http://www.2beans.com/
Beard Papa’s,"2167 Broadway New York, NY 10024",(212)799-3770,http://www.beardpapas.com
Primrose Cafe,"147 Greene Ave Brooklyn, NY 11238",(718)789-7890,http://www.primrosenyc.com/
Up Heights,"1604 St Nicholas Ave New York, NY 10040",(646)838-6065,http://upheightsnyc.com
Hawa Smoothies and Bubble Tea,"1293 1st Ave New York, NY 10021",,
Brooklyn Artisan Bakehouse & Cafe,"529 E New York Ave Brooklyn, NY 11225",(347)292-1382,http://www.brooklynab.com
Aqua Smoothie Cafe,"1741 Amsterdam Ave New York, NY 10031",(917)261-5055,
Me-Do Desserts,"3 Bay 25th St Brooklyn, NY 11214",(718)928-7191,
Bookery,"462 36th St Brooklyn, NY 11232",(917)442-2819,https://www.bookerycafe.com
Filtered,"1616 Amsterdam Ave New York, NY 10031",(917)475-1120,
Future You Café,"117 E 7th St New York, NY 10009",(646)360-2100,http://www.futureyoucafe.net
Blue Cups,"3804 61st St Woodside, NY 11377",(917)832-6940,
Gotham Coffee Roasters,"23 W 19th St New York, NY 10011",(212)255-2972,http://www.gothamroasters.com
Crema BK,"182 Driggs Ave Brooklyn, NY 11222",(347)457-5363,
Maison Kayser,"57 Court St Brooklyn, NY 11201",(718)254-9600,http://maison-kayser-usa.com/locations-brooklyn-heights/
Gong Cha,Located in Queens Center,(929)282-2531,http://www.gongchausa.com
Parrot Coffee,"3112 Ditmars Blvd Astoria, NY 11105",(718)545-7920,http://www.parrotcoffee.com
Little Collins,"667 Lexington Ave New York, NY 10022",(212)308-1969,http://www.littlecollinsnyc.com
Rebel Coffee,"19 8th Ave New York, NY 10014",(917)261-4299,http://www.rebelcoffeenyc.com
CoCo Fresh Tea & Juice,"420 Grand St Jersey City, NJ 07302",(646)490-4596,http://cocobubbletea.com
Romeo and Juliet Colombian Coffee,"555 W 42nd St New York, NY 10036",(646)707-3789,
Kaffe 1668 South,"275 Greenwich St New York, NY 10007",(212)693-3750,https://www.kaffe1668.com
Bonne Fête Baking,"31-00 47th Ave Ground Fl Long Island City, NY 11101",(917)600-8573,http://www.bonnefetebaking.net
Breads Bakery,"1890 Broadway New York, NY 10023",(212)633-2253,http://www.breadsbakery.com/#!lincoln-center/rl211
Bakeri,"105 Freeman St Brooklyn, NY 11222",(718)349-1542,http://bakeribrooklyn.com/
Kung Fu Tea,"315 Greenwich St New York, NY 10013",(917)472-7790,https://www.kungfutea.com
Simit Sarayi,"435 5th Ave New York, NY 10016",(212)683-4100,http://www.simitsarayi.com
Tealicious Express,"39-48B Queens Blvd Sunnyside, NY 11104",(718)383-8286,http://www.tealiciousexpress.com
Frisson Espresso,"326 W 47th St New York, NY 10036",(646)850-3928,http://frissonespresso.com
Lula Bean,"797 Grand St Brooklyn, NY 11211",(718)599-5852,
Doughnut Plant,"31-00 47th Ave Long Island City, NY 11101",(212)505-3700,http://doughnutplant.com/
Georges-André Vintage Café,"558 Halsey St Brooklyn, NY 11233",(646)258-0514,http://www.superfrench.com/#!cafe/cff9
Cafe Bleriot XI,"226 E 83rd St New York, NY 10028",(646)775-1578,https://cafe-bleriot-xi.business.site
Le Petit Parisien,"32 E 7th St New York, NY 10003",(917)262-0406,http://www.lepetitparisien.com
Bluestone Lane,"11 Times Square New York, NY 10036",(718)374-6858,https://bluestonelane.com/coffee-shops/times-square/
Juice Island,"1025 3rd Ave New York, NY 10065",(212)619-8030,
Luckybird Bakery,"163 Montrose Ave Brooklyn, NY 11206",,http://luckybirdbakes.com
Bluestone Lane,"30 Carmine St New York, NY 10014",(718)374-6858,https://bluestonelane.com/cafes/west-village-carmine-st/
Loving Tea,"196 Canal St New York, NY 10013",(646)733-6741,
-321° Ice Cream Shop,"288 Grand St Brooklyn, NY 11211",,http://www.321IceCreamShop.com
For Five Coffee Roasters,"117 W 46th St New York, NY 10036",(347)619-3194,http://forfivecoffee.com
And/Or Coffee,"561 Lorimer St Brooklyn, NY 11211",(646)284-0268,http://www.truenorthbrooklyn.com
The West,"379 Union Ave Brooklyn, NY 11211",(718)599-1704,http://thewestbrooklyn.com
The Local Bar and Cafe,"13-02 44th Ave Long Island City, NY 11101",(347)738-5251,http://www.thelocalny.com/
Sant Ambroeus,"1000 Madison Ave New York, NY 10021",(212)570-2211,http://www.santambroeus.com
Cocoa Grinder,"313 Knickerbocker Ave Brooklyn, NY 11237",(347)461-9055,http://www.cocoagrindernyc.com
Variety,"368 Graham Ave Brooklyn, NY 11211",(347)599-2351,http://www.varietycoffeeroasters.com
Ad Hoc | Collective,"13 Christopher St Lower Level New York, NY 10014",(646)504-6864,http://www.adhoccollective.com
Devocion,"69 Grand St Williamsburg, NY 11249",(718)285-6180,http://devocion.com
90 Degree Coffee Shop,"5715 5th Ave Brooklyn, NY 11220",,
Momo Ashi,"136-55 Roosevelt Ave Flushing, NY 11354",(718)539-6638,
Panda Bubble Tea,"1000 S 8th Ave New York, NY 10019",(212)969-9688,https://pandabubbletea.com
Arcade Bakery,"220 Church St New York, NY 10013",(212)227-7895,http://www.arcadebakery.com/
Aubergine Cafe,"49-22 Skillman Ave Woodside, NY 11377",(718)899-1735,http://www.auberginecafe.com/
Coffee Rx,"6903 3rd Ave Brooklyn, NY 11209",(646)820-8095,
C-Xique Cafe,"4420 3rd Ave Brooklyn, NY 11220",(718)439-0577,https://cxique.com
TBaar,"1323 Ave U Brooklyn, NY 11229",(877)648-2227,
Caffe Bene,"378 Canal St New York, NY 10013",(917)963-7779,
Le Café Coffee,"661 Lexington Ave New York, NY 10022",(646)682-7384,http://www.lecafecoffee.com
SuPoke Bar,"68 W 39th St New York, NY 10018",(646)863-3331,
Baked,"279 Church St New York, NY 10013",(212)775-0345,https://www.bakednyc.com
Noisette Pastries,"24-21 Steinway St Astoria, NY 11103",(718)440-6415,
Bluestone Lane Collective Cafe,"55 Greenwich Ave New York, NY 10014",(718)374-6858,https://bluestonelane.com/cafes/west-village/
Regina Bakery,"256 Prospect Park W Brooklyn, NY 11215",(718)499-0377,
CiCi’s Cakery,"Brooklyn, NY 11218",,
Bāng Bar,"10 Columbus Cir Fl 3 New York, NY 10019",(646)918-8752,https://www.bangbar.xyz
Roots Cafe,"639 5th Ave Brooklyn, NY 11215",(347)223-4614,http://www.rootsbrooklyn.com
Martha Stewart Cafe,"601 W 26th St New York, NY 10001",,http://www.marthastewartcafe.com/
Pennylane Coffee,"305 E 45th St New York, NY 10017",(917)797-5133,
Frenchy Coffee NYC,"129 E 102nd St New York, NY 10029",(646)891-0088,http://frenchycoffeenyc.com
Eli’s Night Shift,"189 East 79th St New York, NY 10075",(212)879-7160,http://www.elizabar.com/nightshift.aspx
Ladurée SoHo,"398 W Broadway New York, NY 10012",(646)392-7868,http://www.ladureeus.com/
Xanadu Coffee,"225 W 23rd St New York, NY 10011",,
Kung Fu Tea,"42-21 Bell Blvd Bayside, NY 11361",(718)631-0011,https://www.kungfutea.com/about-kftea
Aux Merveilleux De Fred,"37 8th Ave New York, NY 10014",(917)475-1992,http://www.auxmerveilleux.com/
Abraço,"81 E 7th St New York, NY 10003",,http://www.abraconyc.com
Caffe Bene,"378 Canal St New York, NY 10013",(917)963-7779,
Le Café Coffee,"661 Lexington Ave New York, NY 10022",(646)682-7384,http://www.lecafecoffee.com
SuPoke Bar,"68 W 39th St New York, NY 10018",(646)863-3331,
Baked,"279 Church St New York, NY 10013",(212)775-0345,https://www.bakednyc.com
Noisette Pastries,"24-21 Steinway St Astoria, NY 11103",(718)440-6415,
Bluestone Lane Collective Cafe,"55 Greenwich Ave New York, NY 10014",(718)374-6858,https://bluestonelane.com/cafes/west-village/
Regina Bakery,"256 Prospect Park W Brooklyn, NY 11215",(718)499-0377,
CiCi’s Cakery,"Brooklyn, NY 11218",,
Bāng Bar,"10 Columbus Cir Fl 3 New York, NY 10019",(646)918-8752,https://www.bangbar.xyz
Roots Cafe,"639 5th Ave Brooklyn, NY 11215",(347)223-4614,http://www.rootsbrooklyn.com
Martha Stewart Cafe,"601 W 26th St New York, NY 10001",,http://www.marthastewartcafe.com/
Pennylane Coffee,"305 E 45th St New York, NY 10017",(917)797-5133,
Frenchy Coffee NYC,"129 E 102nd St New York, NY 10029",(646)891-0088,http://frenchycoffeenyc.com
Eli’s Night Shift,"189 East 79th St New York, NY 10075",(212)879-7160,http://www.elizabar.com/nightshift.aspx
Ladurée SoHo,"398 W Broadway New York, NY 10012",(646)392-7868,http://www.ladureeus.com/
Xanadu Coffee,"225 W 23rd St New York, NY 10011",,
Kung Fu Tea,"42-21 Bell Blvd Bayside, NY 11361",(718)631-0011,https://www.kungfutea.com/about-kftea
Aux Merveilleux De Fred,"37 8th Ave New York, NY 10014",(917)475-1992,http://www.auxmerveilleux.com/
RISE Cafe - Great Jones,"2 Great Jones St New York, NY 10012",(646)400-0410,https://risebrewingco.com
Kung Fu Tea,"70-10 Austin St Ste 3 Forest Hills, NY 11375",(718)263-3631,https://www.kungfutea.com
Mazzola Bakery,"192 Union St Brooklyn, NY 11231",(718)643-1719,http://mazzolabakery.food94.com
Miscelanea NY,"63 E 4th St New York, NY 10003",(212)253-0277,http://www.miscelaneany.com
NY Bagel Cafe & Deli,"53 Bruckner Blvd Bronx, NY 10454",(929)265-9682,http://www.nybagelcafe.com
Argo Tea,"550 First Ave New York, NY 10016",(646)350-3456,http://www.argotea.com
Desserts18,"7211 18th Ave Brooklyn, NY 11204",(718)676-2227,
Caffe Latte,"79-10 Metropolitan Ave Middle Village, NY 11379",,
Joe Coffee Company,"2960 Broadway Upper Campus Lobby New York, NY 10027",(212)924-7400,http://www.joenewyork.com
Passatempo,"79 Grand St Brooklyn, NY 11249",(718)388-1999,http://passatemponyc.com
Porto Rico Importing,"636 Grand St Brooklyn, NY 11211",(718)782-1200,http://www.portorico.com/store/
La Colombe Coffee,"67 Wall St New York, NY 10005",(212)220-0415,http://www.lacolombe.com/?utm_source=Yelp&utm_medium=Display-URL&utm_campaign=nyc-wall-st
Luna Coffee Shop,"121 W 29th New York, NY 10001",(646)590-6977,http://lunacoffeeshop.com
Pause Cafe,"3 Clinton St New York, NY 10002",(212)677-5415,http://www.pausecafenyc.com
Oceanview Cafe,"290 Brighton Beach Ave Brooklyn, NY 11235",(718)332-1900,
Sweet Churros,Located in Food Gallery 32,(917)847-1878,http://sweetchurros.com
Vivi Bubble Tea,"31-54 Steinway St Long Island City, NY 11103",(718)406-9320,http://www.vivibubbletea.com/index.php
TSAôCAA,"773 59th St Brooklyn, NY 11220",(347)889-5999,http://www.tsaocaatea.com
Cafe Erzulie,"894 Broadway Brooklyn, NY 11206",(718)450-3255,http://cafeerzulie.com
239 International Deli,"239 E 181st St Bronx, NY 10457",(347)590-3383,
Cocoa Grinder,"1227 Fulton St Brooklyn, NY 11216",(347)627-7285,http://cocoagrindernyc.com
Milk Bar Brooklyn,"204 6th Ave Brooklyn, NY 11217",(929)276-3396,https://www.milkbarbrooklyn.com
Natura Cafe,Located in Dream Downtown,(646)625-4825,https://www.naturacafenyc.com
Lenwich,"10 Hanover Sq New York, NY 10005",(212)385-2828,https://www.lenwichtogo.com/store114/restaurant.php
Coffee Project NY,"78 Rockwell Pl Brooklyn, NY 11217",(585)888-3153,http://www.coffeeprojectny.com
Bean’s & Lager,"3301 36th Ave Astoria, NY 11106",(718)392-5777,http://beansandlager.com
Bluestone Lane,"55 Prospect St Brooklyn, NY 11201",(718)374-6858,https://bluestonelane.com/cafes/dumbo/
Mango Mama,"15-26 College Point Blvd College Point, NY 11356",(718)734-2688,
Mocha Coffee & Juice Bar,"203 E 121st St New York, NY 10035",(212)996-2600,
Blue Sky Bakery,"404 Rogers Ave Brooklyn, NY 11225",(718)552-2088,http://www.blueskybakery.org
Green Cura,"454 Broad Ave Leonia, NJ 07605",(201)944-1248,http://www.greencura.com
Happy Lemon,"5701 8th Ave Ste A Brooklyn, NY 11220",(347)689-2950,
The Roost,"222 Ave B New York, NY 10009",(646)918-6700,http://theroostnyc.com
Uptown Poke,"506 Amsterdam Ave New York, NY 10024",(212)787-1123,http://uptownpokenyc.com
Daily Provisions,"103 E 19th St New York, NY 10003",(212)488-1505,http://www.dailyprovisionsnyc.com
Eggloo,"60 Mulberry St New York, NY 10013",,http://www.myeggloo.com
McNally Jackson,"52 Prince St New York, NY 10012",(212)274-1160,http://mcnallyjackson.com/
Manhattanville Coffee,"167 Rogers Ave Brooklyn, NY 11216",(646)781-9900,http://www.manhattanvillecoffee.com
Jupioca,"155 Chambers St New York, NY 10007",,http://jupioca-drink.com/location.php
Toby’s Estate Coffee,"26-25 Jackson Ave Long Island City, NY 11101",(347)531-0477,http://tobysestate.com/locations/lic-cafe-courtyard/
Makana Hawaiian BBQ & Poke,"1502 Amsterdam Ave New York, NY 10031",(212)368-5033,
The Grey Dog,"49 Carmine St New York, NY 10014",(212)966-1060,http://www.thegreydog.com/
Windsor Coffee,"144 E 4th St Brooklyn, NY 11218",,
Spot Dessert Bar,"13 St Marks Pl New York, NY 10003",(212)677-5670,http://www.spotdessertbar.com
Vivi Bubble Tea,"6517 18th Ave 1B Brooklyn, NY 11204",(718)676-5300,
Altitude Coffee,"250 Wyckoff Ave Brooklyn, NY 11237",,https://www.altitudebrooklyncoffee.com
Almondine Bakery,"85 Water St Brooklyn, NY 11201",(718)797-5026,http://www.almondinebakery.com/
Ground Central,"155 E 52nd St New York, NY 10022",(646)964-4438,http://www.ground-central.com
Nuan Xin Rice Roll,"59-01 8th Ave Ste 4 Brooklyn, NY 11220",(718)696-9227,https://nuanxinriceroll.com
Mah-Ze-Dahr Bakery,"28 Greenwich Ave New York, NY 10011",(212)498-9810,https://mahzedahrbakery.com
El Chevere Bakery,"2002 Third Ave New York, NY 10029",(212)289-5656,
Bonafini,"663 Flatbush Ave Brooklyn, NY 11225",(347)770-9746,
MUD,"307 E 9th St New York, NY 10003",(212)228-9074,http://www.mudnyc.com
Baba Cool,"64 Lafayette Ave Ste B Brooklyn, NY 11217",(347)689-2344,http://www.babacoolbrooklyn.com
a.cafe,"42 W 58th St New York, NY 10019",(646)744-3104,http://stayaka.com/locations/central_park/cafe.aspx
Caffe Marchio,"30 E 30th St New York, NY 10016",(646)747-8625,http://www.caffemarchio.com
Cafe Floral Delight,"380 E 10th St New York, NY 10009",(646)368-1176,http://bkfloraldelight.com
Joe Coffee Company,"1045 Lexington Ave New York, NY 10021",(212)988-2500,http://joenewyork.com
Claudia’s Coffee Shop,"125 Broad St New York, NY 10004",(212)344-5215,
Noglu,"1266 Madison Ave New York, NY 10128",(646)895-9798,http://www.noglu.fr
718 Bistro,"360 Neptune Ave Brooklyn, NY 11235",(718)975-1999,https://www.718bistro.com
The Commons Chelsea,"128 7th Ave New York, NY 10011",(212)929-9333,http://www.thecommonschelsea.com/
Cafe Belle,"280 Mulberry St New York, NY 10012",(212)837-1605,http://www.cafebelle.nyc
Kudo Society,"138 W Central Blvd Palisades Park, NJ 07650",(201)242-0001,http://www.kudosociety.com
ABC Cafe,"1265 Ward Ave Bronx, NY 10472",(347)271-4244,
Crepe Meets Bubble Tea,"348 6th St Brooklyn, NY 11215",(347)987-3992,http://crepemeetsbubbletea.com
Mango Mango Dessert - New York,"63 Bayard St New York, NY 10013",(646)982-7421,http://www.mangomangodessert.com
The Black Flamingo,"281 Van Brunt St Red Hook, NY 11231",,
Divina Pharmacy Juice Bar,"85-13 Northern Blvd Jackson Heights, NY 11370",(718)457-0193,
Bluestone Lane,"417 Amsterdam Ave New York, NY 10024",(718)374-6858,https://bluestonelane.com
Takumen,"5-50 50th Ave Long Island City, NY 11101",(718)361-7973,http://takumenlic.com
Caféine,"2124 Frederick Douglass Blvd New York, NY 10026",,http://cafeine-nyc.com
Red Pipe Cafe,"71-60 Austin St Forest Hills, NY 11375",(718)224-8359,https://www.redpipecafe.com
Paris Baguette,"575 8th Ave New York, NY 10018",(917)261-4534,http://www.parisbaguetteusa.com
Jupioca,"1457 York Ave New York, NY 10075",,
Good Thanks NYC,"131A Orchard St New York, NY 10002",,http://www.goodthanksnyc.com
Raaka Chocolate,"64 Seabring St Brooklyn, NY 11231",(855)255-3354,http://www.raakachocolate.com
Coco Fresh Tea & Juice,"86-55 Broadway Elmhurst, NY 11373",(718)898-3672,http://www.cocobubbletea.com/
Space194,"194 1st Ave New York, NY 10009",(646)852-8418,http://space194.com
Seven Point Espresso,"637 Washington Ave Brooklyn, NY 11238",(718)230-0178,http://www.sevenpointespresso.com
Birch Coffee,"21 E 27th St New York, NY 10016",(212)686-1444,http://birchcoffee.com
U-Crew Thai Creamery & Tea,"103-22 Roosevelt Ave Queens, NY 11368",(917)698-6662,
Paris Baguette,"567 7th Ave New York, NY 10018",(212)921-0404,http://www.parisbaguetteusa.com
Hawa Smoothies & Bubble Tea,"44 Willoughby St Downtown Brooklyn, NY 11201",(646)204-7818,
Argo Tea Cafe,"239 Greene St New York, NY 10003",(212)998-4153,http://www.argotea.com
Niforos Corner,"35-60 11th St Long Island City, NY 11106",(718)545-5971,http://niforoscornerlongislandcity.com/
Flower Power Coffee House-NYC,"64-02 Myrtle Ave Glendale, NY 11385",(718)366-0011,
Joe Coffee Company,"330 Hudson St New York, NY 10013",(212)924-7400,https://joecoffeecompany.com
Brooklyn Diamond Coffee,"349 West Broadway New York, NY 10013",(917)261-6868,http://www.brooklyndiamondcoffee.com
Summers SoHo,"169 Thompson St New York, NY 10012",(917)388-3372,http://summersnewyork.com
Absolute Coffee,"327 Atlantic Ave Brooklyn, NY 11201",(718)522-0969,http://www.absolutecoffee.nyc
Yours Truly Coffee,"1592 3rd Ave New York, NY 10128",(646)678-4141,http://www.yourstrulycoffee.com
Brookside Market,"43-15 Queens Blvd Sunnyside, NY 11104",(718)806-1902,
BonBon Bakery,"164-18A 69th Ave Fresh Meadows, NY 11365",(917)300-2112,https://bonbon-bakery.business.site
Gregorys Coffee,"878 Lexington Ave New York, NY 10065",(917)388-3850,http://www.gregoryscoffee.com/
Milk Sugar Love,"19 McWilliams Pl Hamilton Square Jersey City, NJ 07302",(201)984-0530,http://www.milksugarlove.com/
bwè kafe,"1002 Washington St Hoboken, NJ 07030",(201)683-0045,http://bwekafe.com
Bearin Wheel Pie,"127A Walker St New York, NY 10013",(646)490-4873,
Café Grumpy,"200 W 39th St New York, NY 10018",(646)499-8749,http://cafegrumpy.com
Tea Do,"5223 8th Ave 53 St Brooklyn, NY 11220",(718)871-4889,
Café Regular,"318 11th St Brooklyn, NY 11215",(718)768-4170,http://www.caferegular.com/
Earth Cafe,"2578 Broadway New York, NY 10025",(646)964-5167,
mellow tea,"1268 Amsterdam Ave Ste B New York, NY 10027",(646)875-1665,
The Palm Court,"768 5th Ave New York, NY 10019",(212)546-5300,https://www.theplazany.com/dining/the-palm-court/
Qathra,"1112 Cortelyou Rd Brooklyn, NY 11218",(347)343-6622,http://www.qathra.nyc
Anda Cafe,"124A Hester St New York, NY 10002",(646)673-6322,http://www.andacafeusa.com
Dua Kafe,"520 E 14th St New York, NY 10009",,
Matto Espresso,"201 W 21st St New York, NY 10011",(212)244-4281,http://matto.com
Gata Golosa,"30-18 Broadway Queens, NY 11106",(718)806-1493,
Blue Mountain Heights Cafe & Bar,"499 W 158th St New York, NY 10032",(646)998-5905,https://bluemountainheightsnyc.com
Bouchon Bakery & Cafe,"10 Columbus Cir 3rd Flr New York, NY 10019",(212)823-9366,https://www.thomaskeller.com/bouchonbakerycaf%C3%A9
Pal Supermarket,"4421 4th Ave Brooklyn, NY 11220",(718)436-3300,
Vittles Cafe,"94 Franklin St Brooklyn, NY 11222",(718)383-0367,
CoCo Fresh Tea & Juice,"38 Lexington Ave New York, NY 10010",(212)851-6618,http://www.cocobubbletea.com
Vivi Bubble Tea,"83-28 Broadway Elmhurst, NY 11373",(718)565-8801,http://www.vivibubbleteaelmhurst.com
Uptown Juice Bar,"2524 Adam Clayton Powell Jr Blvd New York, NY 10039",(917)684-7597,
Root Hill Cafe,"262 4th Ave Brooklyn, NY 11215",(718)855-3475,http://roothillcafe.com
Head Hi,"14 Clermont Avenue 1L Brooklyn, NY 11205",(917)909-0005,http://www.headhi.net
Blossom Poké Bowl,"153 Remsen St Brooklyn, NY 11201",(718)576-3775,
Elma’s,"1580 Park Ave New York, NY 10029",(646)316-2639,
Macaron Parlour,"560 Columbus Ave New York, NY 10024",(212)799-9169,http://macaronparlour.com
Petrossian Boutique & Cafe,"911 7th Ave New York, NY 10019",(212)245-2217,http://www.petrossian.com/boutique-new-york-boutique-cafe-5.html
Laura’s Gourmet,"445 Evergreen Ave Brooklyn, NY 11221",(718)332-3771,http://www.mylaurasgourmet.com
Brooklyn’s Best,"1895 Coney Island Ave Brooklyn, NY 11230",(718)377-4992,https://www.brooklyns.best
Chipilo,"48 Mulberry St New York, NY 10013",(212)804-8183,
Fukusuke,"304 E 49th St New York, NY 10017",(212)339-0033,http://fukusukeny.com
Astor Court,Located in The St. Regis New York,(212)339-6857,https://www.marriott.com/hotels/hotel-information/restaurant/nycxr-the-st-regis-new-york/
The Lazy Llama Coffee Bar,"72 E 1st Street New York, NY 10003",(646)410-1938,
The Lot Radio Kiosk,"17 Nassau Ave Brooklyn, NY 11222",(347)446-6553,http://www.thelotradio.com
City of Saints Coffee Roasters,"297 Meserole St Brooklyn, NY 11206",(929)900-5282,http://www.cityofsaintscoffee.com
Juice Vitality,"192 1st Ave New York, NY 10009",(212)477-0071,
Cafe Noi,"1465 2nd Ave New York, NY 10075",(646)476-7137,
Egyptian Coffee Shop,"25-09 Steinway St Astoria, NY 11103",(917)837-8726,
City Bear Coffee & Wine,"1487 Broadway Brooklyn, NY 11221",(347)435-0394,https://www.citybearbk.com
Vineapple,"71 Pineapple St Brooklyn, NY 11201",(347)799-1701,http://www.vineapple.com
Rustic Table,"504 W 42nd St New York, NY 10036",(212)244-0744,http://www.rustictablenyc.com
Brooklyn Herborium,"1301 Prospect Ave Brooklyn, NY 11218",(917)909-0569,http://Brooklynherborium.com
Bean & Bean,"71 Broadway New York, NY 10006",(212)422-8083,http://beannbean.com/
Bean Square,"210-21 Northern Blvd Bayside, NY 11361",(718)423-8083,
Ovenly,"210 Flatbush Ave Brooklyn, NY 11217",(888)899-2213,http://www.oven.ly
Roll’n Chill,"90 Kent Ave Brooklyn, NY 11215",,
Effy’s Kitchen,"1567 Lexington Ave New York, NY 10029",(212)427-8900,http://effyskitchen.com
Baskin-Robbins,"7016 Northern Blvd Jackson Heights, NY 11372",(718)672-1433,
Moment Cafe 小苏州,"157-02 45th Ave Queens, NY 11355",(718)353-8537,https://momentcafe.nyc
Intersect by Lexus - NYC,"412 W 14th St New York, NY 10014",(212)230-5832,https://www.intersect-nyc.com
Charter Coffeehouse,"309 Graham Ave Brooklyn, NY 11211",(347)721-3735,http://www.chartercoffee.com
Astoria Cafe,"2608 Hoyt Ave S Queens, NY 11102",,
ViVi Bubble Tea,"607 9th Ave New York, NY 10036",(212)956-0288,http://www.vivibubbletea.com
Lagman House,"2612 E 14th St Brooklyn, NY 11235",(718)872-5979,http://Lagmanhouse.com
Bohaus,"406 Marcus Garvey Blvd Brooklyn, NY 11216",(347)256-4864,http://bohausbk.com
Ground Central,"888 8th Ave New York, NY 10019",(917)265-8557,http://ground-central.com
Bean & Bean,"318 8th Ave New York, NY 10001",(646)869-2070,http://beannbean.com/
Catmint Wheel Cake,"124 Macdougal St Manhattan, NY 10012",(646)590-0128,http://www.catmintwheelcake.com
Greecologies,"379 Broome St New York, NY 10013",(212)941-0100,http://www.greecologies.com
The Cake Pusher,"53 East 34th St Ste 506 New York, NY 10016",(347)627-0222,https://www.thecakepusher.com
Eugene J. Candy Co.,"16 Wilson Ave Brooklyn, NY 11237",(718)381-1050,http://www.eugenej.com
Cofesta,"33 W 26th St New York, NY 10010",,https://cofesta-nyc.business.site
Quinoa Kitchen,"287 Bedford Ave Brooklyn, NY 11211",(718)486-5150,http://www.quinoa.kitchen
Café Martin,"355 5th Ave Brooklyn, NY 11215",(347)261-6836,
Pink Moose,"1070 1st Ave New York, NY 10022",(212)256-0788,http://www.pinkmoose.net
Patisserie Florentine,"280 E 10th St New York, NY 10009",(212)995-0300,http://www.patisserieflorentine.com
Coffee & Green,"2106 36th Ave Queens, NY 11106",(718)606-8414,
Tea Shop & Bakery,"61-09 Utopia Pkwy Fresh Meadows, NY 11365",(718)886-6889,
Mini Galaxy Play Café,"178-02 Jamaica Ave 2FL Queens, NY 11432",(718)880-2861,http://www.minigalaxyplaycafe.com
Bella Cholulita,"276 Knickerbocker Ave Brooklyn, NY 11237",(718)576-6671,http://bellacholulita.business.site
Iva Sweet Parlour,"892 Wyckoff Ave Queens, NY 11237",(347)365-3489,
Mixtape Bushwick,"1533 Myrtle Ave Brooklyn, NY 11237",(718)381-5248,http://mixtapebushwick.com
T Baar,"4823 8th Ave Brooklyn, NY 11220",(877)648-2227,http://tbaar.com
Birch Coffee,"71 W Houston St New York, NY 10012",(212)686-1444,http://birchcoffee.com/locations/soho/
Buunni Coffee,"3702 Riverdale Ave Bronx, NY 10463",(718)548-8700,https://www.buunnicoffee.com
Gotan,"37 W 20th St New York, NY 10011",(347)230-5257,http://www.gotannyc.com
Pret A Manger,"750 8th Ave New York, NY 10007",(212)382-3491,http://www.pret.com/en-us
Dek Sen,"8608 Whitney Ave Elmhurst, NY 11373",(718)205-5181,
Lady M Cake Boutique,"30 Rockefeller Plz Ste U New York, NY 10111",(212)452-2222,https://www.ladym.com
Uncle Drink,"32-55 Steinway St Astoria, NY 11103",(646)515-9688,
Zibetto Espresso Bar,"1 Park Ave New York, NY 10016",(929)431-3787,http://www.zibettoespresso.com
The Russian Tea Room,"150 W 57th St New York, NY 10019",(212)581-7100,http://www.russiantearoomnyc.com/
Macdonough Café,"83 Saratoga Ave Brooklyn, NY 11233",(347)221-0295,http://macdonoughcafe.nyc
Flushing Ice Cream Factory,"135-15 40th Rd Flushing, NY 11354",(718)886-2575,http://www.flushingicecreamfactory.com
Best Coffee Shop,"117 Water St New York, NY 10304",(718)556-9565,
Made Nice,"8 W 28th St New York, NY 10001",(212)887-1677,http://www.madenicenyc.com
The Little Owl,"90 Bedford St New York, NY 10014",(212)741-4695,http://thelittleowlnyc.com
533 Dekalb Gourmet Deli,"994 Bedford Ave Brooklyn, NY 11205",(718)797-2029,http://www.dekalbdeli.com
Nam Nam,"109 Montrose Ave Brooklyn, NY 11206",(718)302-9200,http://namnamcafe.weebly.com/
FIKA,"41 W 58th St New York, NY 10019",(212)832-0022,http://www.fikanyc.com
Madcap Cafe,"387 Court St Brooklyn, NY 11231",(929)337-6117,https://madcapcafebk.com
This Chick Bakes,"31-31 48th Ave Unit B Long Island City, NY 11101",(718)706-6616,http://www.thischickbakes.com/
Master Grill,"262 Cypress Ave Bronx, NY 10454",(718)292-8888,http://www.mastergrillnyc.com
Juicy Cube,"166 W 72nd St New York, NY 10023",(212)799-2888,http://juicy-cube.com
FullTime NetCafe,"7314 13th Ave Brooklyn, NY 11228",(347)681-8882,http://fulltime-netcafe.business.site
GoFish Sushi Box,Located in Urbanspace At 570 Lex,,http://www.gofishsushibox.com
Ninth Street Espresso,Located in The Lombardy,(646)559-4793,http://www.ninthstreetespresso.com/midtown
Variety Coffee Roasters,"1269 Lexington Ave New York, NY 10028",(212)289-2104,https://varietycoffeeroasters.com
Thinking Cup Cafe,"201 Warren St Jersey City, NJ 07302",(201)721-5544,http://thinkingcupcafe.business.site
Prospect Provisions,"597 4th Ave Brooklyn, NY 11215",(347)763-2777,https://www.prospectprovisions.net
Twist It Top It,"66-02 Fresh Pond Rd Ridgewood, NY 11385",(929)337-6163,http://www.twistittopit.com/
Go Cups,"1838 2nd Ave New York, NY 10128",(212)289-2929,
The Chocolate Room,"269 Court St Brooklyn, NY 11231",(718)246-2600,http://www.thechocolateroombrooklyn.com
Bagel Story,"8501 3rd Ave Brooklyn, NY 11209",(866)572-2435,https://www.thebagelstory.com
Cafe Boulis,"30-15 31st Ave Astoria, NY 11106",(718)806-1014,http://www.cafeboulis.com
Pisillo Italian Cafe,"99 Nassau St New York, NY 10038",,
Spot Dessert Bar,"39-16 Prince St Flushing, NY 11354",(917)285-2278,http://www.spotdessertbar.com
Runner & Stone,"285 3rd Ave Brooklyn, NY 11215",(718)576-3360,http://www.runnerandstone.com/
Felix Roasting Co,"450 Park Ave S New York, NY 10016",,http://felixroastingco.com
Intelligentsia Coffee,"180 10th Ave New York, NY 10011",(212)933-9736,http://www.intelligentsiacoffee.com/location/high-line-hotel
Peddler,"300 Lafayette St New York, NY 10012",(646)645-2225,http://www.peddlerny.com
Roth Bar,"548 W 22nd St Inside Hauser & Wirth Hauser & Wirth New York, NY 10011",,https://www.hauserwirth.com/news/1031/roth-bar-at-hauser-wirth-new-york-22nd-street/view
One Girl Cookies,"33 Main St Brooklyn, NY 11201",(347)338-1268,http://www.onegirlcookies.com/dumbo
Dolce Brooklyn,"305 Van Brunt St Brooklyn, NY 11231",(718)855-0680,http://www.dolcebrooklyn.com
The Point Cafe and Bascom Catering,"940 Garrison Ave New York, NY 10474",(718)542-4824,
Cool Fresh Juice Bar,"333 6th Ave New York, NY 10014",(727)687-5291,
