2018-08-26,"First Podium for @robinfrijns1 in his @dtm_pics career  and the best Team result so far this season. Today were heading for the second night race in Misano, stay tuned! #TeamABT #robinfrijns #dtm #nightrace #misano #ABT #audisport",https://www.instagram.com/p/Bm75Jk-B71J/?__a=1,https://scontent-sin2-1.cdninstagram.com/vp/7d53b26b94f8bf819bed4bbed034a6d1/5D1871CB/t51.2885-15/e35/38054887_530595190728707_4081414383807234048_n.jpg?_nc_ht=scontent-sin2-1.cdninstagram.com
2018-08-25,Now live: the first ever @dtm_pics race at night #dtm #motorsport #racing #misano,https://www.instagram.com/p/Bm6qgxcBDKt/?__a=1,https://scontent-sin2-1.cdninstagram.com/vp/6cc8d84c2dc5d7b067de1bff0a3aea1c/5D05F40E/t51.2885-15/sh0.08/e35/s640x640/40058216_2142876415971204_3142111452853174272_n.jpg?_nc_ht=scontent-sin2-1.cdninstagram.com
2018-07-15,One-two finish for @lucasdigrassi and @daniel_abt in New York. Looking forward to the final race today. Title in the teams classification still possible so keep on pushing guys  #ABT #fiaformulae #newyork #racing,https://www.instagram.com/p/BlP-UkQhA2g/?__a=1,https://scontent-sin2-1.cdninstagram.com/vp/59bc543a86b493900d83b091f395e7c1/5D15CBEB/t51.2885-15/e35/37232115_2126510854262986_4243229746290229248_n.jpg?_nc_ht=scontent-sin2-1.cdninstagram.com
2018-06-02,Finished P3 and P7 today @hungaroring_official  Focus on tomorrows race!#DTM #hungaroring #racing #teamabtsportsline #motorsport #DTM2018,https://www.instagram.com/p/Bjh0gwohswm/?__a=1,https://scontent-sin2-1.cdninstagram.com/vp/d824795899aa61cc5039704bfaa3df24/5D1CAF0F/t51.2885-15/sh0.08/e35/s640x640/32471075_173537799992370_3747987564288540672_n.jpg?_nc_ht=scontent-sin2-1.cdninstagram.com
2018-03-05,We are Formula E WINNERS in Mexico!!!  #formulaE #danielabt #allthewayabt #abt #audi #mexicocity,https://www.instagram.com/p/Bf8fWCwhMhl/?__a=1,https://scontent-sin2-1.cdninstagram.com/vp/3646e825706e3243c17dd5a808ce2fea/5D25E75F/t51.2885-15/sh0.08/e35/s640x640/28432780_1833502686713157_6915620056411930624_n.jpg?_nc_ht=scontent-sin2-1.cdninstagram.com
2017-10-19,#gladiator #romeeprix #formulae,https://www.instagram.com/p/BabDixmBzvw/?__a=1,https://scontent-sin2-1.cdninstagram.com/vp/1d51e1d6c768ffa5dd311a62d288d932/5D287852/t51.2885-15/sh0.08/e35/s640x640/22582713_1730510560345522_3516247428397268992_n.jpg?_nc_ht=scontent-sin2-1.cdninstagram.com
2017-10-18,MATTIAS EKSTRM IST DTM-VIZECHAMPIONDie DTM-Fans haben am Finalwochenende in Hockenheim eine dramatische Titelentscheidung erlebt. Mattias Ekstrm aus dem Audi Sport Team Abt Sportsline beendet die Saison als Vizechampion. MATTIAS EKSTRM FINISHES DTM AS RUNNER-UPDTM fans experienced a thrilling final weekend and title decider of DTM at Hockenheim. Mattias Ekstrm from Audi Sport Team Abt Sportsline finishes the season as runner-up.,https://www.instagram.com/p/BaZY6byBzEp/?__a=1,https://scontent-sin2-1.cdninstagram.com/vp/2dbdaa75b18713d0412bd207583387b5/5D08145A/t51.2885-15/sh0.08/e35/s640x640/22637523_386324781785304_806384559410118656_n.jpg?_nc_ht=scontent-sin2-1.cdninstagram.com
2017-10-15,"Teamwork makes the dream work! Let's make it a day for history, @mattiasekstromracing and @nico.mueller51! Final #dtm race of the season is live from 15:15hrs with Mattias Ekstrm as points leader",https://www.instagram.com/p/BaQgwPxh7uD/?__a=1,https://scontent-sin2-1.cdninstagram.com/vp/7022c98a3e12352d85098efc35a0bbd1/5D081757/t51.2885-15/sh0.08/e35/s640x640/22581041_346304779155432_3803365858990882816_n.jpg?_nc_ht=scontent-sin2-1.cdninstagram.com
2017-10-14,This day ten years ago this man clinched his second @dtm_pics title. Can @mattiasekstromracing make history again this weekend ... #dtm,https://www.instagram.com/p/BaOP3rCB_-n/?__a=1,https://scontent-sin2-1.cdninstagram.com/vp/e7e46a1ae1b0df095bfe4470d81c2922/5D1E2C89/t51.2885-15/sh0.08/e35/s640x640/22427192_135263007038931_1982463750287917056_n.jpg?_nc_ht=scontent-sin2-1.cdninstagram.com
2017-10-13,#hockenheimring #ekstrm #dtm #abt #abtsportsline #teamabt Schaut Euch das Rennen live in der ARD am Samstag um 14.30 Uhr und Sonntag 15:00 Uhr an! Unsere Vorfreude ist riesig! Eure auch?,https://www.instagram.com/p/BaNKJashgKU/?__a=1,https://scontent-sin2-1.cdninstagram.com/vp/d7a44eb47cf7b5023c468ee8b03dd8cb/5D0E6054/t51.2885-15/sh0.08/e35/s640x640/22500279_146712049181413_1440105588070547456_n.jpg?_nc_ht=scontent-sin2-1.cdninstagram.com
2017-09-16,Lots of fun at the Audi booth for both the fans and our champion @lucasdigrassi! Did you miss it? There is another session at 2.30pm today! by Stefan Bsl,https://www.instagram.com/p/BZGT9G7h8sk/?__a=1,https://scontent-sin2-1.cdninstagram.com/vp/f586e0318c79ad7ccf5af656a5aac747/5D115A57/t51.2885-15/sh0.08/e35/s640x640/21689137_1503546966380395_3066087761460068352_n.jpg?_nc_ht=scontent-sin2-1.cdninstagram.com
2017-09-15,"What he says: Our champion @lucasdigrassi will be signing autographs at the @iaamesse Saturday 11am and 2.30pm (Audi booth, hall 3). See you there! #iaa2017 #formulae",https://www.instagram.com/p/BZEOKI-BXjS/?__a=1,https://scontent-sin2-1.cdninstagram.com/vp/768815964157b753a1bfde406f50d677/5C7A6243/t51.2885-15/e15/s640x640/21819769_479143089125888_6360668573341319168_n.jpg?_nc_ht=scontent-sin2-1.cdninstagram.com
2017-09-14,Champions car and champion reunited at the #iaa2017,https://www.instagram.com/p/BZBj2zXBFDJ/?__a=1,https://scontent-sin2-1.cdninstagram.com/vp/9510f732649e81b427affb918cd110a7/5C7A3A0B/t51.2885-15/e15/s640x640/21569059_275393366298043_2070582219910414336_n.jpg?_nc_ht=scontent-sin2-1.cdninstagram.com
2017-09-14,Pleasure to meet German chancellor Angela Merkel at Schaeffler today #formulae #iaa2017,https://www.instagram.com/p/BZBJKBphP9W/?__a=1,https://scontent-sin2-1.cdninstagram.com/vp/4aa67027afb563bb481a20ff08b5108c/5D21D681/t51.2885-15/sh0.08/e35/s640x640/21568881_968806146593484_3423750974055907328_n.jpg?_nc_ht=scontent-sin2-1.cdninstagram.com
2017-09-09,#online24/7,https://www.instagram.com/p/BY0iE9vholv/?__a=1,https://scontent-sin2-1.cdninstagram.com/vp/07372188c778f3942adfb6d57f36d18a/5D1E53AA/t51.2885-15/sh0.08/e35/s640x640/21435543_1913350928925211_4816355761430986752_n.jpg?_nc_ht=scontent-sin2-1.cdninstagram.com
2017-09-07,"And that's a wrap for @daniel_abt and our team here in sunny  Another day of testing, another day of hard work. Eat - sleep - repeat #formulae #allthewayabt",https://www.instagram.com/p/BYv7jpuhAZK/?__a=1,https://scontent-sin2-1.cdninstagram.com/vp/1ebbaca4c0328d0ace8fafaf6823d961/5C79EBF8/t51.2885-15/e15/s640x640/21373044_150240952229428_6646732104132460544_n.jpg?_nc_ht=scontent-sin2-1.cdninstagram.com
2017-08-18,Of course @lucasdigrassi and @fiaformulae play a big part in our #uptrend summer edition out now. Online version to follow soon ... #formulae,https://www.instagram.com/p/BX8BGrNhT6O/?__a=1,https://scontent-sin2-1.cdninstagram.com/vp/298d48de470ec5e73ef484b5060e5a49/5D109E11/t51.2885-15/sh0.08/e35/p640x640/20905666_225738014618104_874729321724379136_n.jpg?_nc_ht=scontent-sin2-1.cdninstagram.com
2017-08-10,3 years of electric racing. This is our journey. All for this one moment. Full version here: https://youtu.be/qftqaz6qj2g #AllTheWayABT,https://www.instagram.com/p/BXn2FWShybs/?__a=1,https://scontent-sin2-1.cdninstagram.com/vp/b12183bc570a431285335cc31ba747d9/5C79ECAF/t51.2885-15/sh0.08/e35/s640x640/20759031_305176546622763_3120553229583122432_n.jpg?_nc_ht=scontent-sin2-1.cdninstagram.com
2017-08-07,"""With a Lot of manufacturers stepping in @fiaformulae has a bright future. Great job done so far"", says @lucasdigrassi at #BBC World #formulae",https://www.instagram.com/p/BXfxBVahMMq/?__a=1,https://scontent-sin2-1.cdninstagram.com/vp/c1234444020b5efa9fffecb59c4b6445/5C7A4676/t51.2885-15/e15/s640x640/20633432_162996110933264_2396919706280787968_n.jpg?_nc_ht=scontent-sin2-1.cdninstagram.com
2017-08-06,"Three years of electric racing. Our journey. Your journey. For this one moment. Movie will be out this week, so please stay tuned and join us #formulae #allthewayabt",https://www.instagram.com/p/BXcrg2thioJ/?__a=1,https://scontent-sin2-1.cdninstagram.com/vp/2c64c6c22bc78f36951e7747fa76b7b6/5C7A0A71/t51.2885-15/sh0.08/e35/s640x640/20634683_117040012279548_7037619388433825792_n.jpg?_nc_ht=scontent-sin2-1.cdninstagram.com
2017-08-05,The beginning of a great partnership and friendship: In February 2014 Our boss Hans-Jrgen Abt signed Lucas di Grassi for a new project called Formula E. What a journey it has been since then ... #formulae #allthewayabt,https://www.instagram.com/p/BXaRfb4Bc2Z/?__a=1,https://scontent-sin2-1.cdninstagram.com/vp/a68831c22c8af7a07a2889d75814c294/5D2713D0/t51.2885-15/sh0.08/e35/s640x640/20582923_284395975373159_3114829043199901696_n.jpg?_nc_ht=scontent-sin2-1.cdninstagram.com
2017-08-03,"Cheers, champion! #formulae #mumm #darewincelebrate #allthewayabt",https://www.instagram.com/p/BXVug5Thh3r/?__a=1,https://scontent-sin2-1.cdninstagram.com/vp/e9b7ca11a60140818f6da100ca1b9406/5D2688C0/t51.2885-15/sh0.08/e35/s640x640/20582794_225145581342396_2596948084286029824_n.jpg?_nc_ht=scontent-sin2-1.cdninstagram.com
2017-08-02,Our headquarters in Kempten last night ... #wearethechampions #formulae #allthewayabt,https://www.instagram.com/p/BXSMiAOBxRl/?__a=1,https://scontent-sin2-1.cdninstagram.com/vp/c4ae95eb6aae3d572df35c530b885dc2/5C79F5C1/t51.2885-15/e15/20583065_1917296668513221_941264975094087680_n.jpg?_nc_ht=scontent-sin2-1.cdninstagram.com
2017-08-01,The trophy arrived safely in Germany #formulae #allthewayabt,https://www.instagram.com/p/BXPpOQJB5p9/?__a=1,https://scontent-sin2-1.cdninstagram.com/vp/8dbb5e955ad4d04f2ddf593b4ca835fa/5D18ABE4/t51.2885-15/sh0.08/e35/s640x640/20582949_1969361249959784_8056662231233855488_n.jpg?_nc_ht=scontent-sin2-1.cdninstagram.com
2017-07-29,Champagne anyone? #allthewayabt,https://www.instagram.com/p/BXJVrushNk6/?__a=1,https://scontent-sin2-1.cdninstagram.com/vp/e6b99f8700491d684a28d9ec6e70cab8/5C7A54A4/t51.2885-15/e15/s640x640/20399017_1659958750743564_7294086290998296576_n.jpg?_nc_ht=scontent-sin2-1.cdninstagram.com
2017-07-29,Honor of the day: doing the commentary for the Julius Br fastest lap #formulae,https://www.instagram.com/p/BXI7TAehDMj/?__a=1,https://scontent-sin2-1.cdninstagram.com/vp/e379005751503d74afa8859e484d924d/5C7A318D/t51.2885-15/e15/s640x640/20393659_235001900354773_4166105542541967360_n.jpg?_nc_ht=scontent-sin2-1.cdninstagram.com
2017-07-29,That's what we call racing in the heart of a city! #montrealeprix #formulae #allthewayabt,https://www.instagram.com/p/BXIltkXh9-w/?__a=1,https://scontent-sin2-1.cdninstagram.com/vp/1c5ff68feb53faad9740a5a952f1ec92/5D0712D6/t51.2885-15/sh0.08/e35/s640x640/20225788_124115584873118_1360537986017525760_n.jpg?_nc_ht=scontent-sin2-1.cdninstagram.com
2017-07-29,"Cars look amazing on this circuit. Old school, fast, tight chicanes - will be a fun day of racing here at Montreal #formulae #montrealeprix #allthewayabt",https://www.instagram.com/p/BXIY7nihgKV/?__a=1,https://scontent-sin2-1.cdninstagram.com/vp/4e4c2bacf5e09546254ea68eb94194e5/5D24EDAA/t51.2885-15/sh0.08/e35/s640x640/20398736_266226300529031_7996436675095953408_n.jpg?_nc_ht=scontent-sin2-1.cdninstagram.com
2017-07-29,Travelling in time? We are already in the future of racing! #backtothefuture #formulae #eVillage #montrealeprix,https://www.instagram.com/p/BXIUi4nB55N/?__a=1,https://scontent-sin2-1.cdninstagram.com/vp/8a5d313beca160a457019551dedaec01/5D063BA2/t51.2885-15/sh0.08/e35/s640x640/20479404_1408037025900765_3934235196127182848_n.jpg?_nc_ht=scontent-sin2-1.cdninstagram.com
2017-07-29,Looking forward to seeing @lucasdigrassi giving his best again this weekend. We are the underdogs but be sure we will fight until the very end! #formulae #allthewayabt,https://www.instagram.com/p/BXHFSOahrca/?__a=1,https://scontent-sin2-1.cdninstagram.com/vp/f07007c6f668182a24c16bb350bf1aeb/5D01D503/t51.2885-15/sh0.08/e35/s640x640/20398855_123221504967143_372285673568206848_n.jpg?_nc_ht=scontent-sin2-1.cdninstagram.com
2017-07-17,"Pure Hollywood. Great drive, @chrishemsworth @tagheuer @fiaformulae #nyceprix",https://www.instagram.com/p/BWoVq4chvkx/?__a=1,https://scontent-sin2-1.cdninstagram.com/vp/7f82d0b2844df533b267ba9a7473a0f4/5D21790A/t51.2885-15/e35/20180667_339657006491190_7365498982811828224_n.jpg?_nc_ht=scontent-sin2-1.cdninstagram.com
2017-07-16,Pleasure to meet @chrishemsworth here at New York together with @piquetjr. We hope he enjoys @fiaformulae as much as we do! #newyorkeprix #formulae #allthewayabt,https://www.instagram.com/p/BWm6Od7B7bx/?__a=1,https://scontent-sin2-1.cdninstagram.com/vp/b1d4131f6868f1641ee5fc903f34eaac/5D0F2499/t51.2885-15/sh0.08/e35/s640x640/19985713_1050917671678487_8740228842150428672_n.jpg?_nc_ht=scontent-sin2-1.cdninstagram.com
2017-07-15,We are on the track at New York! #formulae #newyorkeprix #allthewayabt,https://www.instagram.com/p/BWkdHWKBd1k/?__a=1,https://scontent-sin2-1.cdninstagram.com/vp/444836ae92e674df235a03f23843b19a/5D1C8734/t51.2885-15/sh0.08/e35/s640x640/19985127_152085655360139_5157879998756945920_n.jpg?_nc_ht=scontent-sin2-1.cdninstagram.com
2017-07-13,Travelling in style with an Audi #etron through New York #selfiechallenge #newyorkeprix #allthewayabt,https://www.instagram.com/p/BWfZBBrh6tX/?__a=1,https://scontent-sin2-1.cdninstagram.com/vp/e4c0ce8d86145839287b817740a015a8/5D0A56A4/t51.2885-15/sh0.08/e35/s640x640/19985188_822796281212028_6921080102306447360_n.jpg?_nc_ht=scontent-sin2-1.cdninstagram.com
2017-07-12,Now that was fun! After some proper sandwiches we are more than ready for the #newyorkeprix #formulae #allthewayabt,https://www.instagram.com/p/BWdlhLSBqY3/?__a=1,https://scontent-sin2-1.cdninstagram.com/vp/06c0c02d8b50b3b7e4149f4d36581e88/5D27D3EB/t51.2885-15/sh0.08/e35/s640x640/19933340_646925605504269_7676479534442479616_n.jpg?_nc_ht=scontent-sin2-1.cdninstagram.com
2017-07-12,@daniel_abt visiting the DA show at @cbssports - that fit quite well! #formulae #newyorkeprix #allthewayabt,https://www.instagram.com/p/BWcwnvyBOSz/?__a=1,https://scontent-sin2-1.cdninstagram.com/vp/bd22e5f49ddf3e0bfc2c9ab89d8b461e/5D20FB25/t51.2885-15/sh0.08/e35/s640x640/19932799_883721238443866_2254531898216808448_n.jpg?_nc_ht=scontent-sin2-1.cdninstagram.com
2017-07-10,Hello #newyork ! We hope to see a lot of fans joking us and getting their cards signed next weekend! #newyorkeprix #formulae #allthewayabt,https://www.instagram.com/p/BWXF1EdhI-T/?__a=1,https://scontent-sin2-1.cdninstagram.com/vp/5c347abafd2f92412934ca15f7c8540a/5D1E8267/t51.2885-15/sh0.08/e35/s640x640/19764325_460351104336998_2905650718406868992_n.jpg?_nc_ht=scontent-sin2-1.cdninstagram.com
2017-07-08,He knows how to clinch podiums in the US so bring on #newyorkeprix soon! #oneweektogo #formulae #allthewayabt,https://www.instagram.com/p/BWSkJ46hegC/?__a=1,https://scontent-sin2-1.cdninstagram.com/vp/16b21fe8ef28a415a41f736925155b18/5D1CBB70/t51.2885-15/sh0.08/e35/s640x640/19933213_1753356278012415_6209971244805128192_n.jpg?_nc_ht=scontent-sin2-1.cdninstagram.com
2017-07-06,Thumbs up for the #newyorkeprix next week! #formulae #allthewayabt,https://www.instagram.com/p/BWMw9MhhYtV/?__a=1,https://scontent-sin2-1.cdninstagram.com/vp/8276cc087412c30e27362bc412885c63/5D0E0335/t51.2885-15/sh0.08/e35/s640x640/19761657_1899659056914123_3342159776686538752_n.jpg?_nc_ht=scontent-sin2-1.cdninstagram.com
2017-06-11,"Thank you, Berlin! We had a great time with you #berlineprix #formulae #allthewayabt #",https://www.instagram.com/p/BVNSixBBeX3/?__a=1,https://scontent-sin2-1.cdninstagram.com/vp/57fa87577df61784dbac957a1752653f/5C7A12B4/t51.2885-15/e15/s640x640/18950368_138972159990967_2863742008080465920_n.jpg?_nc_ht=scontent-sin2-1.cdninstagram.com
2017-06-11,Champagne!,https://www.instagram.com/p/BVNEXzUBrbq/?__a=1,https://scontent-sin2-1.cdninstagram.com/vp/ba25fe7005ab14f8ad39c254da0e4753/5C7A2682/t51.2885-15/e15/s640x640/18950125_1881002012161107_3908709780285292544_n.jpg?_nc_ht=scontent-sin2-1.cdninstagram.com
2017-06-11,#teamspirit,https://www.instagram.com/p/BVM57agBzki/?__a=1,https://scontent-sin2-1.cdninstagram.com/vp/06ff52c0ca7ee1634370ad839de6b29c/5D14030C/t51.2885-15/sh0.08/e35/s640x640/18949677_257913897948757_2010315655424770048_n.jpg?_nc_ht=scontent-sin2-1.cdninstagram.com
2017-06-11,#fatherandson,https://www.instagram.com/p/BVM5rHUBERI/?__a=1,https://scontent-sin2-1.cdninstagram.com/vp/47f04b04e4c09316dd91b1bf0bc928ae/5D0414BD/t51.2885-15/sh0.08/e35/s640x640/19050700_1741155682565951_2208870043603697664_n.jpg?_nc_ht=scontent-sin2-1.cdninstagram.com
2017-06-11,Ladies and gentlemen: the @fiaformulae boy band! Featuring @afelixdacosta and his groupies #berlineprix #formulae #allthewayabt,https://www.instagram.com/p/BVMRtfJhlEi/?__a=1,https://scontent-sin2-1.cdninstagram.com/vp/c41e022891284330dbd36a48dfeb6ea6/5C7A2A29/t51.2885-15/e15/s640x640/18949915_314186255706792_1627761543980515328_n.jpg?_nc_ht=scontent-sin2-1.cdninstagram.com
2017-06-11,And off we go again for some more laps on the Tempelhof circuit #berlineprix #formulae #allthewayabt,https://www.instagram.com/p/BVMIYylBq11/?__a=1,https://scontent-sin2-1.cdninstagram.com/vp/1a6528aa311bc21231a518e80a5970eb/5C7A0EF7/t51.2885-15/e15/s640x640/19050359_135383167037466_1046171634358026240_n.jpg?_nc_ht=scontent-sin2-1.cdninstagram.com
2017-06-10,These moments are what we go racing for! #berlineprix #formulae #allthewayabt #,https://www.instagram.com/p/BVKtCfXhGzS/?__a=1,https://scontent-sin2-1.cdninstagram.com/vp/b0e645b688b01572d686deeb71929a81/5D269DCF/t51.2885-15/sh0.08/e35/s640x640/19050601_1019299188204414_8790758166020227072_n.jpg?_nc_ht=scontent-sin2-1.cdninstagram.com
2017-06-10,That moment of pole! #formulae #allthewayabt,https://www.instagram.com/p/BVKP73JBgaq/?__a=1,https://scontent-sin2-1.cdninstagram.com/vp/8d62f20e2931f8073039803a32c0f5e4/5D285EB4/t51.2885-15/sh0.08/e35/s640x640/18950142_130371034206249_8711790841481396224_n.jpg?_nc_ht=scontent-sin2-1.cdninstagram.com
2017-06-10,We love this little blue helmets ... #berlineprix #juliusbaer #formulae #allthewayabt,https://www.instagram.com/p/BVKCXcbBMBv/?__a=1,https://scontent-sin2-1.cdninstagram.com/vp/cee8e441c6b07d0ee0c0361dee4a9ca3/5D24F75F/t51.2885-15/sh0.08/e35/s640x640/19050441_309960829441171_4062920757141831680_n.jpg?_nc_ht=scontent-sin2-1.cdninstagram.com
2017-06-09,Say hello to our team! #berlineprix #allthewayabt #formulae,https://www.instagram.com/p/BVIEgWUhomH/?__a=1,https://scontent-sin2-1.cdninstagram.com/vp/f6513b1ce826e98882d29c6d69760d44/5D1488E2/t51.2885-15/sh0.08/e35/s640x640/18889230_144161102796891_4209829735544389632_n.jpg?_nc_ht=scontent-sin2-1.cdninstagram.com
2017-06-08,"Thanks for having us, @energyberlin ! That was a perfect start into the day - we are awake now ...  #allthewayabt #berlineprix",https://www.instagram.com/p/BVEeP9rBE1z/?__a=1,https://scontent-sin2-1.cdninstagram.com/vp/5f9141cdcb9715876575da70a279f5b4/5D1BC596/t51.2885-15/sh0.08/e35/s640x640/19050782_1749263745100583_8134942047472713728_n.jpg?_nc_ht=scontent-sin2-1.cdninstagram.com
2017-06-06,We still have to clarify one thing. Above: @lucasdigrassi before @nickishields arrived. Below: after ,https://www.instagram.com/p/BU_8rOTBVVp/?__a=1,https://scontent-sin2-1.cdninstagram.com/vp/6cb13c649339e2e417dee5035734c226/5D03DC2E/t51.2885-15/sh0.08/e35/s640x640/18947829_334048110341476_4423995900347547648_n.jpg?_nc_ht=scontent-sin2-1.cdninstagram.com
2017-06-05,It's race week! We would love to see you next weekend at our @fiaformulae home rounds in Berlin - let's make it a good one! #Berlin #allthewayabt,https://www.instagram.com/p/BU9VzoPBfkZ/?__a=1,https://scontent-sin2-1.cdninstagram.com/vp/f4867fd7000e8bd5c151e121bbf04a0a/5D1E7469/t51.2885-15/sh0.08/e35/s640x640/18888405_136485610242716_2674725814553018368_n.jpg?_nc_ht=scontent-sin2-1.cdninstagram.com
2017-06-03,Lots of amazing memories about the times we had in #Berlin. Let's add a lot of new ones in a weeks time!,https://www.instagram.com/p/BU4UT6GBIQY/?__a=1,https://scontent-sin2-1.cdninstagram.com/vp/382273c2c7a92106672b781a4467d803/5D1C12B1/t51.2885-15/sh0.08/e35/s640x640/18812260_1307135519403478_8657472871125221376_n.jpg?_nc_ht=scontent-sin2-1.cdninstagram.com
2017-05-22,No one is in da house! #formulae #dtm #24hours #cleaningtime #peacebeforethestorm #headquarters #kempten #also electric,https://www.instagram.com/p/BUZtEOZBol5/?__a=1,https://scontent-sin2-1.cdninstagram.com/vp/69aa54aecda0e03f1caf5ef98b20a4ec/5D16DA15/t51.2885-15/sh0.08/e35/s640x640/18580414_214237855754028_7358970684061515776_n.jpg?_nc_ht=scontent-sin2-1.cdninstagram.com
2017-05-20,P14 and P16 for our two guys - not what we've hoped for but it's not over yet! #pariseprix #formulae #allthewayabt,https://www.instagram.com/p/BUT6hfUhIZf/?__a=1,https://scontent-sin2-1.cdninstagram.com/vp/5fd5c0dee07644d1801c9eeba2b50d68/5D18DFCF/t51.2885-15/sh0.08/e35/s640x640/18514005_667615123436043_1266198904806834176_n.jpg?_nc_ht=scontent-sin2-1.cdninstagram.com
2017-05-20,Race day! #formulae #pariseprix #allthewayabt,https://www.instagram.com/p/BUTqu7GBZeV/?__a=1,https://scontent-sin2-1.cdninstagram.com/vp/299fbcdd70b13106490282c43f9b5d35/5D148C25/t51.2885-15/sh0.08/e35/s640x640/18512972_843970102416618_3726552168493219840_n.jpg?_nc_ht=scontent-sin2-1.cdninstagram.com
2017-05-19,Getting into the mood for the #pariseprix at @audicityparis Thanks for having us! #formulae #allthewayabt,https://www.instagram.com/p/BUSMsXnhKQE/?__a=1,https://scontent-sin2-1.cdninstagram.com/vp/4207918f418a86288ec551e5a244cd77/5D19C5A1/t51.2885-15/sh0.08/e35/s640x640/18512562_1203675633092433_887507712718405632_n.jpg?_nc_ht=scontent-sin2-1.cdninstagram.com
2017-05-19,Good to see our cars finally on the track! #pariseprix #allthewayabt,https://www.instagram.com/p/BUR7oQiBff-/?__a=1,https://scontent-sin2-1.cdninstagram.com/vp/7b69b1adf183f1f49e7b9d179aa845f0/5D035F53/t51.2885-15/sh0.08/e35/s640x640/18514194_426006584429113_8349330597092524032_n.jpg?_nc_ht=scontent-sin2-1.cdninstagram.com
2017-05-19,What an amazing place #pariseprix #formulae #allthewayabt,https://www.instagram.com/p/BURtzHvBdG3/?__a=1,https://scontent-sin2-1.cdninstagram.com/vp/3c5f19ab7dc57638b59e5a60f31c0f72/5D145B49/t51.2885-15/sh0.08/e35/s640x640/18513949_1496801847039342_4975530762703994880_n.jpg?_nc_ht=scontent-sin2-1.cdninstagram.com
2017-05-19,They are more than ready for the #pariseprix Let's do. this! #allthewayabt #formulae,https://www.instagram.com/p/BURODgOhK7J/?__a=1,https://scontent-sin2-1.cdninstagram.com/vp/1a7e93c25c9f925f8e0ea4378f111f37/5D1B2979/t51.2885-15/sh0.08/e35/s640x640/18513322_1986945724871349_5896671269100716032_n.jpg?_nc_ht=scontent-sin2-1.cdninstagram.com
2017-05-18,Getting ready for a hopefully sunny #ParisePrix! #formulae #allthewayabt,https://www.instagram.com/p/BUPZVRgBmuN/?__a=1,https://scontent-sin2-1.cdninstagram.com/vp/04fef9cf4cc9936d66a591bbaa6e3a12/5D10E631/t51.2885-15/sh0.08/e35/s640x640/18512944_434156630294009_4497872644963565568_n.jpg?_nc_ht=scontent-sin2-1.cdninstagram.com
2017-05-18,No doubt that @fiaformulae has arrived in Paris in style. Let's make it some great days together! #pariseprix #formulae #allthewayabt,https://www.instagram.com/p/BUOmsg9BBPL/?__a=1,https://scontent-sin2-1.cdninstagram.com/vp/0a09def2868ff910caef2ccf0a1f70ee/5D1C3CC8/t51.2885-15/sh0.08/e35/s640x640/18579586_1932109820351341_3603626643953811456_n.jpg?_nc_ht=scontent-sin2-1.cdninstagram.com
2017-05-10,What an amazing place to go racing on Saturday! Can't wait to hit the streets of Monaco! #formulae #cotedazur #bringonmonaco #monacoeprix #allthewayabt,https://www.instagram.com/p/BT63vllBPbE/?__a=1,https://scontent-sin2-1.cdninstagram.com/vp/3b5ac01af5da54a86aa7331d9ebe6fd2/5D10BF9A/t51.2885-15/sh0.08/e35/s640x640/18444628_123108348252081_6436653837662027776_n.jpg?_nc_ht=scontent-sin2-1.cdninstagram.com
2017-05-10,Ladies and gentlemen: Monaco! @lucasdigrassi @nickishields #cotedazur #monacoeprix #formulae #allthewayabt,https://www.instagram.com/p/BT6nC7RByEy/?__a=1,https://scontent-sin2-1.cdninstagram.com/vp/11e6d195d81157649de9305988864889/5D28AF6F/t51.2885-15/sh0.08/e35/s640x640/18443109_977427375725857_3926067989396324352_n.jpg?_nc_ht=scontent-sin2-1.cdninstagram.com
2017-05-08,"Busy days for our @lucasdigrassi ahead of his home race: filming, meetings, taxi rides at #DTM in Hockenheim. #monacoeprix is just around the corner #bringonmonaco #cotedazur #formulae #allthewayabt",https://www.instagram.com/p/BT0wteFhTTm/?__a=1,https://scontent-sin2-1.cdninstagram.com/vp/f91818ab4a67fed1d22bc6f84c9506f7/5D09796A/t51.2885-15/sh0.08/e35/s640x640/18252597_1539029169482649_8640485918987255808_n.jpg?_nc_ht=scontent-sin2-1.cdninstagram.com
2017-05-07,Can you spot the yellow cases? Thanks to #dhl for another safe delivery of our race cars and equipment! #formulae #cotedazur #bringonmonaco #allthewayabt,https://www.instagram.com/p/BTy_xIHBWD2/?__a=1,https://scontent-sin2-1.cdninstagram.com/vp/4755ea5966b758ea3a7fbb467c75d233/5D27CE3F/t51.2885-15/sh0.08/e35/s640x640/18300140_1362685733816480_7934605608643198976_n.jpg?_nc_ht=scontent-sin2-1.cdninstagram.com
2017-05-06,That has been a busy day of filming for @fiaformulae today - lucky that no one got seasick on the rough waves. Now bring back the  for race week please! #bringonmonaco #cotedazur #formulae #streetracers #allthewayabt,https://www.instagram.com/p/BTwP60Hho_2/?__a=1,https://scontent-sin2-1.cdninstagram.com/vp/f9f4761405cec4739bdc4094b51408b2/5D01A73C/t51.2885-15/sh0.08/e35/s640x640/18252313_778090895706201_6696792314494320640_n.jpg?_nc_ht=scontent-sin2-1.cdninstagram.com
2017-05-05,Monaco is definitely in the mood for some @fiaformulae racing next week! #bringonmonaco #cotedazur #formulae #allthewayabt,https://www.instagram.com/p/BTuV7d6Bh6U/?__a=1,https://scontent-sin2-1.cdninstagram.com/vp/ad65e6695bcdc31c4a4672ca1d976591/5C7A5A30/t51.2885-15/e15/s640x640/18252165_421223161585252_151987519532040192_n.jpg?_nc_ht=scontent-sin2-1.cdninstagram.com
2017-05-02,Lots of work for @daniel_abt and his team as German TV is producing a big @fiaformulae documentary. Out around the Berlin race #formulae #allthewayabt,https://www.instagram.com/p/BTluPYBhFcQ/?__a=1,https://scontent-sin2-1.cdninstagram.com/vp/36a581404fc1b2bba0be4c4deaf4ba21/5D0B97F1/t51.2885-15/sh0.08/e35/s640x640/18161827_447735425560165_8860265966823538688_n.jpg?_nc_ht=scontent-sin2-1.cdninstagram.com
2017-05-01,Only 40 days and this place will be our race track and paddock. Monaco and Paris first but already looking forward so much to our home race at Berlin! #formulae #heimrennen #tempelhof #allthewayabt,https://www.instagram.com/p/BTj_K3RBXOh/?__a=1,https://scontent-sin2-1.cdninstagram.com/vp/8efb776ae0b5b49b0b3fe81f1bc22562/5D09B96C/t51.2885-15/sh0.08/e35/s640x640/18299428_449675248699879_6013310761110077440_n.jpg?_nc_ht=scontent-sin2-1.cdninstagram.com
2017-04-30,Such big fun on the podium at @mexicocityeprix Can't wait to fight for another trophy at Monaco in two weeks time and of course hope to meet our lucky charm @parishilton again #bringonmonaco #cotedazur #formulae #allthewayabt,https://www.instagram.com/p/BTgiBsthdiE/?__a=1,https://scontent-sin2-1.cdninstagram.com/vp/8421decaf94d938ba927a0fdb19b3333/5D280844/t51.2885-15/sh0.08/e35/s640x640/18160705_359574817772435_5215134253569802240_n.jpg?_nc_ht=scontent-sin2-1.cdninstagram.com
2017-04-27,Great to sit together with all our partners and develop new ideas for the future in @fiaformulae. Big thanks to @wespeedupthefuture for the unique hospitality #formulae #allthewayabt #bringonmonaco,https://www.instagram.com/p/BTY5QKThsJb/?__a=1,https://scontent-sin2-1.cdninstagram.com/vp/07a7efe5790dc0eed8379543cf411893/5D0D29E8/t51.2885-15/sh0.08/e35/s640x640/18094671_285793775203627_2858698810236862464_n.jpg?_nc_ht=scontent-sin2-1.cdninstagram.com
2017-04-26,What a view! #Monaco #Cotedazur #Riviera #FormulaE #allthewayabt,https://www.instagram.com/p/BTWHcIChFP2/?__a=1,https://scontent-sin2-1.cdninstagram.com/vp/ad495c269fd6e1ede458b51d37106914/5D0BE137/t51.2885-15/sh0.08/e35/s640x640/18095467_781588591989716_8063315135575359488_n.jpg?_nc_ht=scontent-sin2-1.cdninstagram.com
2017-04-25,Only a few days and we are back in the world of yachts with these charming guys. Can't wait to go racing again #bringonmonaco #allthewayabt #cotedazur #posers #yearofthepanda #lucashomerace,https://www.instagram.com/p/BTUN82IhOFC/?__a=1,https://scontent-sin2-1.cdninstagram.com/vp/f47eaf9b7428f062978aea96b1af4fa6/5D1BFCAB/t51.2885-15/sh0.08/e35/s640x640/18160797_1554357351242363_8922123004943532032_n.jpg?_nc_ht=scontent-sin2-1.cdninstagram.com
2017-04-24,Not long until we're cruising along the Cte d'Azur. Can Lucas and Daniel make it to the most iconic podium in motorsport? You know what we'd say... #allthewayabt,https://www.instagram.com/p/BTRbTCQBV1r/?__a=1,https://scontent-sin2-1.cdninstagram.com/vp/860fa41394a2d37f58f2407a9230eff0/5D185BE1/t51.2885-15/sh0.08/e35/s640x640/18095104_1928438090720776_7390953007707324416_n.jpg?_nc_ht=scontent-sin2-1.cdninstagram.com
2017-04-19,Who has the winners' sombrero? #mexicoeprix #nevergiveup #bringonmonaco,https://www.instagram.com/p/BTEif_Bh03Z/?__a=1,https://scontent-sin2-1.cdninstagram.com/vp/809bec0151b1c4f7ae763e164e2cc803/5D06FEF6/t51.2885-15/sh0.08/e35/s640x640/18011455_1894043040854619_961006057830744064_n.jpg?_nc_ht=scontent-sin2-1.cdninstagram.com
2017-04-13,This time next month we're in Monaco! #Cotedazur #Riviera #MonteCarlo #allthewayabt #allez,https://www.instagram.com/p/BS04WtWB10S/?__a=1,https://scontent-sin2-1.cdninstagram.com/vp/c100da447f5430aeb36b4bf945cfcc76/5D151461/t51.2885-15/sh0.08/e35/s640x640/17817598_645890952286090_3283231996456730624_n.jpg?_nc_ht=scontent-sin2-1.cdninstagram.com
2017-04-04,You simply have to love these guys! #allthewayabt #mexicoeprix #nevergiveup #takewhatsbacktous #outtakes #FormulaE,https://www.instagram.com/p/BSdw_C7BYkr/?__a=1,https://scontent-sin2-1.cdninstagram.com/vp/f6a04ec2f6866b7bffa8ec81b9c27406/5C7A6213/t51.2885-15/e15/s640x640/17662986_106735346540545_5250712074727718912_n.jpg?_nc_ht=scontent-sin2-1.cdninstagram.com
2017-04-03,#mexicoeprix #allthewayabt #nevergiveup #toughday #bigtrophy #polewasours #bignightout #dhl #allforthesponsor#bringonmonaco,https://www.instagram.com/p/BSZ--SOhk_t/?__a=1,https://scontent-sin2-1.cdninstagram.com/vp/58a65d771ec6bf7b2a4962eea077c2dd/5D24B749/t51.2885-15/sh0.08/e35/s640x640/17587247_278605132594757_421002289310859264_n.jpg?_nc_ht=scontent-sin2-1.cdninstagram.com
2017-04-02,#Party #Mumm #mexicoeprix #allthewayabt,https://www.instagram.com/p/BSXPG6lByvt/?__a=1,https://scontent-sin2-1.cdninstagram.com/vp/2461aa3d47d9a380d8b06166b81c1251/5C7A397A/t51.2885-15/e15/s640x640/17662649_1018311911602881_4008926550010363904_n.jpg?_nc_ht=scontent-sin2-1.cdninstagram.com
2017-04-01,The #mexicoeprix race winner makes his way to the podium #allthewayabt,https://www.instagram.com/p/BSXIZwlBoRi/?__a=1,https://scontent-sin2-1.cdninstagram.com/vp/193325117c1513fba02b3725d7eaaddb/5C79F33D/t51.2885-15/e15/s640x640/17587328_281401682296528_6640185345612709888_n.jpg?_nc_ht=scontent-sin2-1.cdninstagram.com
2017-04-01,Good night! #AllTheWayToBed,https://www.instagram.com/p/BSUwk54hKm7/?__a=1,https://scontent-sin2-1.cdninstagram.com/vp/8ef9d844b58c8362b9a78fdae4982d61/5C79FC1F/t51.2885-15/e15/s640x640/17596342_1280408025399871_901094085845057536_n.jpg?_nc_ht=scontent-sin2-1.cdninstagram.com
2017-03-31,That's how the trackwalk is usually done at our team #mexicoeprix #allthewayabt #carrymehome #lazybrazilian,https://www.instagram.com/p/BSTsjRvhjUg/?__a=1,https://scontent-sin2-1.cdninstagram.com/vp/b6ed8a99c2fe6b5dd1b0f218b2f2aa8a/5D20FE61/t51.2885-15/sh0.08/e35/s640x640/17333052_437588159950402_7522770033672454144_n.jpg?_nc_ht=scontent-sin2-1.cdninstagram.com
2017-03-30,Always fun to film around with @nickishields and her #cnn team. But who's gonna try the spicy  first...? #mexicoeprix,https://www.instagram.com/p/BSRVwQHhr7f/?__a=1,https://scontent-sin2-1.cdninstagram.com/vp/6afc4146ef9c7c11a8ad6ea0a7c898ba/5D0EC9F7/t51.2885-15/sh0.08/e35/s640x640/17661953_759049594251755_4412891459972235264_n.jpg?_nc_ht=scontent-sin2-1.cdninstagram.com
2017-03-30,#pyramids #mexicoeprix #allthewayabt #allthewayup #watchformulae,https://www.instagram.com/p/BSRCgvphqwa/?__a=1,https://scontent-sin2-1.cdninstagram.com/vp/9d8481b23024597e45d8abaf6684c5f9/5C79EC20/t51.2885-15/e15/s640x640/17267415_1417870534946626_1352069895352745984_n.jpg?_nc_ht=scontent-sin2-1.cdninstagram.com
2017-03-28,4 days until the action begins . Give our drivers some extra power by voting for the @fiaformulae Fanboost. Just go to fanboost.fiaformulae.com #allthewayabt #MexicoCityePrix ,https://www.instagram.com/p/BSLW02_hzGq/?__a=1,https://scontent-sin2-1.cdninstagram.com/vp/c4ee7a3520e1b6d2cdb09ed917d7c21f/5D10C010/t51.2885-15/sh0.08/e35/s640x640/17494012_1752564218363055_6659292310787850240_n.jpg?_nc_ht=scontent-sin2-1.cdninstagram.com
2017-03-21,11 days to go... #MexicoCityePrix #allthewayabt,https://www.instagram.com/p/BR5xaoIBjiQ/?__a=1,https://scontent-sin2-1.cdninstagram.com/vp/f8c9a29bab56c08b47dc263119a36461/5D167775/t51.2885-15/sh0.08/e35/s640x640/17439286_134268460436651_141236275792314368_n.jpg?_nc_ht=scontent-sin2-1.cdninstagram.com
2017-03-18,Two weeks to go... The stadium atmosphere in Mexico is unique ,https://www.instagram.com/p/BRx8ldgBk5o/?__a=1,https://scontent-sin2-1.cdninstagram.com/vp/57debee8342f59d702d2b65887153a35/5D0398C9/t51.2885-15/sh0.08/e35/s640x640/17266285_744213895756266_3514459124274298880_n.jpg?_nc_ht=scontent-sin2-1.cdninstagram.com
2017-03-16,"@fiaformulae is so much fun, says @daniel_abt during the #Eurosport motorsport launch in Munich #fiaformulae #allthewayabt",https://www.instagram.com/p/BRtUW9iBO2E/?__a=1,https://scontent-sin2-1.cdninstagram.com/vp/132b0ae86d719918aa8f52e18f5019c4/5D03FFB1/t51.2885-15/sh0.08/e35/s640x640/17333303_778024485683964_1984578231407214592_n.jpg?_nc_ht=scontent-sin2-1.cdninstagram.com
2017-03-16,Not long until we're back in the Mexican sun! Who's excited? #allthewayabt,https://www.instagram.com/p/BRs3JiDBxP6/?__a=1,https://scontent-sin2-1.cdninstagram.com/vp/6e0bc6bf44834ef1467df900b4b3e8ec/5D13C54B/t51.2885-15/sh0.08/e35/s640x640/17333030_490544281335025_2652275294647353344_n.jpg?_nc_ht=scontent-sin2-1.cdninstagram.com
2017-03-15,What's better than a home race? Two home races of course! We can't wait for the double header in Berlin #allthewayabt,https://www.instagram.com/p/BRqGoW8hK0D/?__a=1,https://scontent-sin2-1.cdninstagram.com/vp/21ff6801cf1491525a96444473e3261b/5D01F010/t51.2885-15/sh0.08/e35/s640x640/17267339_1061921547247180_2662500778555473920_n.jpg?_nc_ht=scontent-sin2-1.cdninstagram.com
2017-03-10,Have a great weekend everyone! #allthewayabt,https://www.instagram.com/p/BRdc3LqBJSp/?__a=1,https://scontent-sin2-1.cdninstagram.com/vp/ed005e6841f2f33e9e76ac5361db9ba9/5D192533/t51.2885-15/sh0.08/e35/s640x640/17126247_1827455384161039_2881109176493277184_n.jpg?_nc_ht=scontent-sin2-1.cdninstagram.com
2017-03-09,Like lightning  #allthewayabt,https://www.instagram.com/p/BRa7n-fBa1o/?__a=1,https://scontent-sin2-1.cdninstagram.com/vp/9e09f30ae4898f6dd468436b219a70f4/5D038681/t51.2885-15/sh0.08/e35/s640x640/17076358_1096158367180100_4827277124530339840_n.jpg?_nc_ht=scontent-sin2-1.cdninstagram.com
2017-03-08,Now that's precision,https://www.instagram.com/p/BRYXL--B1th/?__a=1,https://scontent-sin2-1.cdninstagram.com/vp/4aab793315f15b1b25e4b1140a6b5da0/5D09E1DD/t51.2885-15/sh0.08/e35/s640x640/17126126_1441423239210311_9103618130915098624_n.jpg?_nc_ht=scontent-sin2-1.cdninstagram.com
2017-03-07,Daniel and the ABT Schaeffler FE02 at the #GenevaMotorShow,https://www.instagram.com/p/BRVYEsyhB8o/?__a=1,https://scontent-sin2-1.cdninstagram.com/vp/a2f0464446fcb9f5331af7dbf468fe8d/5D1D59F6/t51.2885-15/sh0.08/e35/s640x640/17077348_239959626465299_2605900862010163200_n.jpg?_nc_ht=scontent-sin2-1.cdninstagram.com
2017-03-06,Hot lap #allthewayabt,https://www.instagram.com/p/BRTEojwhO11/?__a=1,https://scontent-sin2-1.cdninstagram.com/vp/8d37a974d31c1afe57583f6aad16fb25/5D1DA58C/t51.2885-15/sh0.08/e35/s640x640/17076409_1759251061054635_679841173463891968_n.jpg?_nc_ht=scontent-sin2-1.cdninstagram.com
2017-02-26,Next stop: Mexico City! Some of us are already in the perfect mood #fiaformulae #allthewayabt,https://www.instagram.com/p/BQ-cBzghxoM/?__a=1,https://scontent-sin2-1.cdninstagram.com/vp/59d6837b884936beaca8087de6bc2be9/5D1AB46B/t51.2885-15/sh0.08/e35/s640x640/14583476_1858221164459113_1054112303038857216_n.jpg?_nc_ht=scontent-sin2-1.cdninstagram.com
2017-02-23,When you meet Marco Parroni after qualifying it means something great: you have just clinched the pole position! #fiaformulae #buenosaires #allthewayabt,https://www.instagram.com/p/BQ3L4Toh-FI/?__a=1,https://scontent-sin2-1.cdninstagram.com/vp/6d502b78e104761da62e6fc8d1542521/5D075A33/t51.2885-15/sh0.08/e35/s640x640/16788868_1784509901875573_846934032846422016_n.jpg?_nc_ht=scontent-sin2-1.cdninstagram.com
2017-02-18,Can you think of any better view on the grid of a @fiaformulae race? #allthewayabt #baeprix #fiaformulae #buenosaires,https://www.instagram.com/p/BQqc2VcBczR/?__a=1,https://scontent-sin2-1.cdninstagram.com/vp/21e0af22d69451af1954e1276029b88c/5D133955/t51.2885-15/sh0.08/e35/s640x640/16789457_172771076556706_8681986951017922560_n.jpg?_nc_ht=scontent-sin2-1.cdninstagram.com
2017-02-18,A very happy @lucasdigrassi is talking about his pole position at #buenosaires #fiaformulae #baeprix #allthewayabt,https://www.instagram.com/p/BQqRFAkBSt7/?__a=1,https://scontent-sin2-1.cdninstagram.com/vp/56a0e07926dc045d477c42319ad4af38/5C7A22D7/t51.2885-15/e15/s640x640/16584097_882937951848051_1369855548199010304_n.jpg?_nc_ht=scontent-sin2-1.cdninstagram.com
2017-02-17,When you play Mexican games in Buenos Aires. Luckily Lucas and Antonio are used to some electricity ... #allthewayabt #buenosaires #fiaformulae,https://www.instagram.com/p/BQnsjY_hnGM/?__a=1,https://scontent-sin2-1.cdninstagram.com/vp/e13b2f5cd949b65f7e75545109fea5db/5C7A6DB5/t51.2885-15/e15/s640x640/16583550_1779506755704412_3469214572978634752_n.jpg?_nc_ht=scontent-sin2-1.cdninstagram.com
2017-02-15,Made a lot of new friends at the #DHL headquarters today. Thanks for having us and hope to see you all on Saturday! #baeprix #fiaformulae #buenosaires #allthewayabt #posing,https://www.instagram.com/p/BQim8iYBGwS/?__a=1,https://scontent-sin2-1.cdninstagram.com/vp/81c89d2c7433ac7d30ebdb7beb71171f/5D17562A/t51.2885-15/sh0.08/e35/s640x640/16584768_1830766187192399_6091106105037946880_n.jpg?_nc_ht=scontent-sin2-1.cdninstagram.com
2017-02-15,Who should you vote to get #FanBoost? fanboost.fiaformulae.com,https://www.instagram.com/p/BQiBO52B05G/?__a=1,https://scontent-sin2-1.cdninstagram.com/vp/d17e8dbe2763023a10132e09b4147601/5D287F22/t51.2885-15/sh0.08/e35/s640x640/16789301_1760090324307157_170382447848980480_n.jpg?_nc_ht=scontent-sin2-1.cdninstagram.com
2017-02-14,4 days to go... #baeprix,https://www.instagram.com/p/BQfr-W3hOs1/?__a=1,https://scontent-sin2-1.cdninstagram.com/vp/1cc9a9a30402555b31e1909f3c4fccab/5D0639F9/t51.2885-15/sh0.08/e35/s640x640/16465013_242658719515447_3894864811472715776_n.jpg?_nc_ht=scontent-sin2-1.cdninstagram.com
2017-02-13,5 days to go... #dab,https://www.instagram.com/p/BQdCuMWht_B/?__a=1,https://scontent-sin2-1.cdninstagram.com/vp/022fd095089e75ac60bcf0e4c6e11d73/5D17DBE2/t51.2885-15/sh0.08/e35/s640x640/16465311_655243387933827_2082904901989433344_n.jpg?_nc_ht=scontent-sin2-1.cdninstagram.com
2017-02-11,Looks like @fiaformulae has already arrived in Buenos Aires #buenosaires #fiaformulae #baeprix #allthewayabt,https://www.instagram.com/p/BQXTa6sB_3f/?__a=1,https://scontent-sin2-1.cdninstagram.com/vp/09ad15b41ea5c42389138e979aada02b/5D0948A5/t51.2885-15/e35/16583757_1866206910331916_853007464495316992_n.jpg?_nc_ht=scontent-sin2-1.cdninstagram.com
2017-02-10,When you leave work on Friday #allthewayabt,https://www.instagram.com/p/BQVYepeBR4S/?__a=1,https://scontent-sin2-1.cdninstagram.com/vp/853d3daed961bec83ad49d2c44c38aa6/5D0BCCE5/t51.2885-15/sh0.08/e35/s640x640/16228648_622062484663229_653483268405985280_n.jpg?_nc_ht=scontent-sin2-1.cdninstagram.com
2017-02-09,Catch him if you can #allthewayabt,https://www.instagram.com/p/BQSc9IwBH1o/?__a=1,https://scontent-sin2-1.cdninstagram.com/vp/77a10144a72624e53e25ff178256c2dc/5D28FE59/t51.2885-15/sh0.08/e35/s640x640/16585528_1201018933280384_1335668823998595072_n.jpg?_nc_ht=scontent-sin2-1.cdninstagram.com
2017-02-08,@daniel_abt and @lucasdigrassi will reach speeds of up to 207 km/h in Buenos Aires ,https://www.instagram.com/p/BQQPIPUh2mR/?__a=1,https://scontent-sin2-1.cdninstagram.com/vp/a80f284a17c0d1898e9bf56bc5809f07/5D1301C7/t51.2885-15/sh0.08/e35/s640x640/16465552_214163122390407_1549959250795560960_n.jpg?_nc_ht=scontent-sin2-1.cdninstagram.com
2017-02-07,11 days until the beast emerges... #allthewayabt,https://www.instagram.com/p/BQNXW-HBu71/?__a=1,https://scontent-sin2-1.cdninstagram.com/vp/86bfe9e9a93bf2d53761d8357cceba61/5D1042C3/t51.2885-15/sh0.08/e35/s640x640/16583825_873857039423648_4211141341247176704_n.jpg?_nc_ht=scontent-sin2-1.cdninstagram.com
2017-02-06,Anyone else counting down the hours already? #BA #FormulaE,https://www.instagram.com/p/BQKw78JB2oR/?__a=1,https://scontent-sin2-1.cdninstagram.com/vp/f884b377a96c3c6eeb94fb24d4891a95/5D285579/t51.2885-15/sh0.08/e35/s640x640/16464007_234732340269089_3278256955449147392_n.jpg?_nc_ht=scontent-sin2-1.cdninstagram.com
2017-02-05,These are the best 30 meters you can think of as a @fiaformulae driver! Time to get back to racing ... #fiaformulae #buenosaires #allthewayabt #baeprix,https://www.instagram.com/p/BQI6EXLFC5e/?__a=1,https://scontent-sin2-1.cdninstagram.com/vp/445cb04300871ababfbd337e542b97ca/5C7A1F40/t51.2885-15/e15/s640x640/16230302_265177350573101_2502637152290996224_n.jpg?_nc_ht=scontent-sin2-1.cdninstagram.com
2017-02-04,You can trust these eyes when he says: Only two weeks until we go racing again! #allthewayabt #buenosaires #fiaformulae,https://www.instagram.com/p/BQFtQWfFhk9/?__a=1,https://scontent-sin2-1.cdninstagram.com/vp/ac351428a9c0ab6db4bb6a0aa677f941/5D24E004/t51.2885-15/sh0.08/e35/s640x640/16465662_1843090355968550_1820727617066631168_n.jpg?_nc_ht=scontent-sin2-1.cdninstagram.com
2017-02-03,Just some #fridayfun for our very own @daniel_abt and his @fiaformulae beauty #allthewayabt #whocaresaboutsnow,https://www.instagram.com/p/BQEKTJrg6J1/?__a=1,https://scontent-sin2-1.cdninstagram.com/vp/12f4bebbc2c95ac7bd7c3c4c589158b4/5D1F2463/t51.2885-15/sh0.08/e35/s640x640/16464682_1197019283708463_6442671241462546432_n.jpg?_nc_ht=scontent-sin2-1.cdninstagram.com
2017-02-02,ABT train coming through #FormulaE,https://www.instagram.com/p/BQAaNFYh7Qm/?__a=1,https://scontent-sin2-1.cdninstagram.com/vp/28624db350a9ba8d1b3df1b8cbea46e6/5D18E90E/t51.2885-15/sh0.08/e35/s640x640/16228896_206594369807228_9009283911607386112_n.jpg?_nc_ht=scontent-sin2-1.cdninstagram.com
2017-02-01,Who would like to see a race in Tokyo? #FormulaE,https://www.instagram.com/p/BP9umPRhv8g/?__a=1,https://scontent-sin2-1.cdninstagram.com/vp/3cabc284a72e06dd00d26c710d6759a3/5D0B0E23/t51.2885-15/sh0.08/e35/s640x640/16465106_1480000028700234_826979056443457536_n.jpg?_nc_ht=scontent-sin2-1.cdninstagram.com
2017-01-30,Have a great week people #allthewayabt,https://www.instagram.com/p/BP5FTlBB1Im/?__a=1,https://scontent-sin2-1.cdninstagram.com/vp/39130035d897c21b4613319001d6585a/5D08A569/t51.2885-15/sh0.08/e35/s640x640/16122670_391755654507073_8644153099503534080_n.jpg?_nc_ht=scontent-sin2-1.cdninstagram.com
2017-01-29,Not long now ... #allthewayabt,https://www.instagram.com/p/BP2ki0ZBJUK/?__a=1,https://scontent-sin2-1.cdninstagram.com/vp/1f85584b10ffab65e14fb07b5768b64c/5D229A93/t51.2885-15/sh0.08/e35/s640x640/16228785_602437386619793_3147892547553067008_n.jpg?_nc_ht=scontent-sin2-1.cdninstagram.com
2017-01-27,TGIF #allthewayabt #FormulaE,https://www.instagram.com/p/BPxaQxkBpbK/?__a=1,https://scontent-sin2-1.cdninstagram.com/vp/66d5f6bdf171640b043c7c89f2747830/5D248FEE/t51.2885-15/sh0.08/e35/s640x640/16123693_1264686946945089_6104459832671076352_n.jpg?_nc_ht=scontent-sin2-1.cdninstagram.com
2017-01-26,@daniel_abt making friends in Marrakesh #FormulaE #allthewayabt,https://www.instagram.com/p/BPusXNlBKp2/?__a=1,https://scontent-sin2-1.cdninstagram.com/vp/b51a96d54cd9ecd6ad4443fea3086bf2/5D0ED214/t51.2885-15/sh0.08/e35/s640x640/16228942_1180916728624543_8564196635406499840_n.jpg?_nc_ht=scontent-sin2-1.cdninstagram.com
2017-01-25,"Iconic, glamorous and uncompromising: @fiaformulae returns to Monaco on May 13 after a year's break #allthewayabt #MonacoePrix",https://www.instagram.com/p/BPr6OtZBDT5/?__a=1,https://scontent-sin2-1.cdninstagram.com/vp/b528b8eba6b0fe508d709d96552f3399/5D1A5164/t51.2885-15/sh0.08/e35/s640x640/16228869_253628091728173_3328754509445857280_n.jpg?_nc_ht=scontent-sin2-1.cdninstagram.com
2017-01-24,Up close and personal #allthewayabt #FormulaE,https://www.instagram.com/p/BPpW5d8hN40/?__a=1,https://scontent-sin2-1.cdninstagram.com/vp/ff65c1d0989f537c1a8652ad7cf79d68/5D111EE3/t51.2885-15/sh0.08/e35/s640x640/16122782_1336959973045511_9106218974130995200_n.jpg?_nc_ht=scontent-sin2-1.cdninstagram.com
2017-01-23,"Huge congratulations to @daniel_abt, who was voted Sportsman of the Year by his hometown, Kempten. #allthewayabt #FormulaE",https://www.instagram.com/p/BPm1VCEhmzh/?__a=1,https://scontent-sin2-1.cdninstagram.com/vp/889859eba7199e70af917f226979d195/5D128616/t51.2885-15/sh0.08/e35/s640x640/16110998_375952436096111_5638942853037031424_n.jpg?_nc_ht=scontent-sin2-1.cdninstagram.com
2017-01-21,#allthewayabt #FormulaE,https://www.instagram.com/p/BPhyOY-h4MP/?__a=1,https://scontent-sin2-1.cdninstagram.com/vp/e29e0635324bf28d24e914c959261649/5D09D1B7/t51.2885-15/sh0.08/e35/s640x640/16123639_1781206572206160_4279293598832263168_n.jpg?_nc_ht=scontent-sin2-1.cdninstagram.com
2017-01-20,Have a great weekend everyone! #TGIF #FormulaE #allthewayabt,https://www.instagram.com/p/BPfFOZWhaJI/?__a=1,https://scontent-sin2-1.cdninstagram.com/vp/8f24250546113704f7bd08a986b9991b/5D17D31B/t51.2885-15/sh0.08/e35/s640x640/16123180_238189859957785_1401363969448345600_n.jpg?_nc_ht=scontent-sin2-1.cdninstagram.com
2017-01-19,Blink and you'll miss it #FormulaE,https://www.instagram.com/p/BPcqCy7hWe4/?__a=1,https://scontent-sin2-1.cdninstagram.com/vp/246fc8632c76fa9ea160ac1139fab1ec/5D153CA4/t51.2885-15/sh0.08/e35/s640x640/15876994_387664514921835_4714969407686705152_n.jpg?_nc_ht=scontent-sin2-1.cdninstagram.com
2017-01-18,Just one month until we're back in the beautiful Buenos Aires! #BA #FormulaE #Argentina ,https://www.instagram.com/p/BPZznvIhMsa/?__a=1,https://scontent-sin2-1.cdninstagram.com/vp/4b1161cd17b039d571893f8639dbde09/5D1B8BA0/t51.2885-15/sh0.08/e35/s640x640/16111006_1085797014862281_1886330841626312704_n.jpg?_nc_ht=scontent-sin2-1.cdninstagram.com
2017-01-17,You don't get views like this in many sports #HongKong #FormulaE #picoftheday,https://www.instagram.com/p/BPXTuoqBPYU/?__a=1,https://scontent-sin2-1.cdninstagram.com/vp/152fc59233b8d4844de7371d9d648224/5D173B4F/t51.2885-15/sh0.08/e35/s640x640/16123127_1817379015202988_983165159910408192_n.jpg?_nc_ht=scontent-sin2-1.cdninstagram.com
2017-01-16,Always racing (whatever the horsepower) #FormulaE #buenosaires #argentina ,https://www.instagram.com/p/BPUvnJDBztS/?__a=1,https://scontent-sin2-1.cdninstagram.com/vp/ac3a1280bb34e2d1bca731f8777a6f3b/5D06973C/t51.2885-15/sh0.08/e35/s640x640/15876621_1015938401884283_997908253629218816_n.jpg?_nc_ht=scontent-sin2-1.cdninstagram.com
2017-01-14,Driving in the desert #FormulaE,https://www.instagram.com/p/BPP8vOzhAqM/?__a=1,https://scontent-sin2-1.cdninstagram.com/vp/43333c343bca63da2cc4789586f09f90/5D09C121/t51.2885-15/sh0.08/e35/s640x640/15877254_244733555967968_1557733081471778816_n.jpg?_nc_ht=scontent-sin2-1.cdninstagram.com
2017-01-13,Happy Friday everyone!  #FormulaE #TGIF,https://www.instagram.com/p/BPNG7rihDBF/?__a=1,https://scontent-sin2-1.cdninstagram.com/vp/3b383d79a627de3a010d8dfab677b598/5D0E3683/t51.2885-15/sh0.08/e35/s640x640/16110226_244843695937923_5800354664687861760_n.jpg?_nc_ht=scontent-sin2-1.cdninstagram.com
2017-01-12,"#tbt London 2016 - he'd make a good pop star, no?",https://www.instagram.com/p/BPKTCiQh3BB/?__a=1,https://scontent-sin2-1.cdninstagram.com/vp/e6c8afbda760a97391e1304f74df987b/5D1D8B6B/t51.2885-15/sh0.08/e35/s640x640/15876910_1671109256522080_1073066255709110272_n.jpg?_nc_ht=scontent-sin2-1.cdninstagram.com
2017-01-10,What happens in Vegas stays in Vegas. What we take home: lots of memories of very special days and a great first ever #vegaserace Thanks to everyone at @fiaformulae for making that possible #TeamABT #FormulaE #AllTheWayABT,https://www.instagram.com/p/BPFu-JRB9IW/?__a=1,https://scontent-sin2-1.cdninstagram.com/vp/77cb923485f707cc6216929e2b5141c5/5D059ABC/t51.2885-15/sh0.08/e35/s640x640/15802385_1885719131648209_6160578163123421184_n.jpg?_nc_ht=scontent-sin2-1.cdninstagram.com
2017-01-08,When you are out of the #vegaserace but still want to race so badly ... @lucasdigrassi,https://www.instagram.com/p/BO--Beqh-I7/?__a=1,https://scontent-sin2-1.cdninstagram.com/vp/92579674b18379e19ab49cad50dd92c8/5C7A2436/t51.2885-15/e15/s640x640/15877567_765555240268303_692046894993506304_n.jpg?_nc_ht=scontent-sin2-1.cdninstagram.com
2017-01-07,While @lucasdigrassi is in the middle of free practice his teammate @daniel_abt is watching closely #vegaserace #TeamABT #FormulaE #AllTheWayABT #,https://www.instagram.com/p/BO-J2FXh49Z/?__a=1,https://scontent-sin2-1.cdninstagram.com/vp/b2064450fd6a5f4960af3065aa1eb733/5D0704AF/t51.2885-15/sh0.08/e35/s640x640/15876970_230239477385815_4204686417718149120_n.jpg?_nc_ht=scontent-sin2-1.cdninstagram.com
2017-01-07,When the light starts to go down in Vegas the big show begins for @lucasdigrassi and the @fiaformulae gang #vegaserace #TeamABT #FormulaE #AllTheWayABT,https://www.instagram.com/p/BO-AH7jhMHl/?__a=1,https://scontent-sin2-1.cdninstagram.com/vp/e5e58051188d0e3d6cb69030af9187f5/5D07C69B/t51.2885-15/sh0.08/e35/s640x640/15802430_371276826560952_2007253751764615168_n.jpg?_nc_ht=scontent-sin2-1.cdninstagram.com
2017-01-06,Aiming high! #vegaserace #TeamABT #FormulaE #AllTheWayABT #schaeffler,https://www.instagram.com/p/BO8L8TgBWin/?__a=1,https://scontent-sin2-1.cdninstagram.com/vp/16cb33936d18b24565d47d0e53c6c057/5D05A541/t51.2885-15/sh0.08/e35/s640x640/15803554_366400877066509_6981774870736535552_n.jpg?_nc_ht=scontent-sin2-1.cdninstagram.com
2017-01-05,What happens in Vegas ... #vegaserace #FormulaE #AllTheWayABT,https://www.instagram.com/p/BO5AR4KBW1e/?__a=1,https://scontent-sin2-1.cdninstagram.com/vp/404460acd58e7ea7c51f7398f1c7a1ce/5D10D346/t51.2885-15/sh0.08/e35/s640x640/15876256_1843619905918975_2090873835850039296_n.jpg?_nc_ht=scontent-sin2-1.cdninstagram.com
2017-01-04,Why are you looking forward to the #vegaserace ? #AllTheWayABT #TeamABT #FormulaE,https://www.instagram.com/p/BO2lBdnh3Oc/?__a=1,https://scontent-sin2-1.cdninstagram.com/vp/e656d4297f088a389dfd7946230e1f36/5D0E5047/t51.2885-15/sh0.08/e35/s640x640/14723144_700818786753610_2324079569201528832_n.jpg?_nc_ht=scontent-sin2-1.cdninstagram.com
2017-01-04,Here we are! #vegaserace #TeamABT #AllTheWayABT,https://www.instagram.com/p/BO1hqZAB02p/?__a=1,https://scontent-sin2-1.cdninstagram.com/vp/b9b45c0d3db381051e06cd1d172bb1e5/5D1AB162/t51.2885-15/sh0.08/e35/s640x640/15876929_1626541727641835_910520173260177408_n.jpg?_nc_ht=scontent-sin2-1.cdninstagram.com
2017-01-03,During his visit in Kempten our new #vegaserace team mate Patrik also met Christian who is engineering @daniel_abt in the real @fiaformulae world #TeamABT #AllTheWayABT,https://www.instagram.com/p/BOzGsFWBsIL/?__a=1,https://scontent-sin2-1.cdninstagram.com/vp/d5e99de4aecd39151179b76aee342a7d/5D0C0322/t51.2885-15/sh0.08/e35/s640x640/15802689_706449222847781_9186824089958875136_n.jpg?_nc_ht=scontent-sin2-1.cdninstagram.com
