date,content,post_url,img_url
2019-02-27T12:10:14,What&#x27;s making @afelixdacosta laugh?  #ABBFormulaE #racing #motorsport @sebastien_buemi,https://www.instagram.com/p/BuYn1d6Fn_5/,https://scontent-sea1-1.cdninstagram.com/vp/483af060081d4d1305ace599fa199e76/5D0EBD97/t51.2885-15/sh0.08/e35/c0.135.1080.1080/s640x640/52152214_120662979065934_1242272049572853182_n.jpg?_nc_ht=scontent-sea1-1.cdninstagram.com
2019-02-26T17:12:09,Nobody does last laps like Formula E! #ABBFormulaE #racing #motorsport,https://www.instagram.com/p/BuWljNkFRaY/,https://scontent-sea1-1.cdninstagram.com/vp/591e9c84109e83da8642e5c6b637c563/5C794156/t51.2885-15/sh0.08/e35/s640x640/51656943_2314911042127367_8448094875166188336_n.jpg?_nc_ht=scontent-sea1-1.cdninstagram.com
2019-02-26T12:50:20,Experience is proving effective in Formula E this season  #ABBFormulaE #racing #motorsport,https://www.instagram.com/p/BuWHoPiFfBC/,https://scontent-sea1-1.cdninstagram.com/vp/77416c76acb51df408b1e74ecb352570/5D1C7897/t51.2885-15/sh0.08/e35/c0.135.1080.1080a/s640x640/51966151_308327389872235_8304183388469746603_n.jpg?_nc_ht=scontent-sea1-1.cdninstagram.com
2019-02-25T17:10:45,Some of the coolest onboards from Mexico City  #ABBFormulaE #onboard #racing #motorsport,https://www.instagram.com/p/BuUAawTFVWz/,https://scontent-sea1-1.cdninstagram.com/vp/53e54a4f50e922026c0d3600571c467a/5C78C9FA/t51.2885-15/e15/s640x640/51591432_2099912036756727_2050997638905762533_n.jpg?_nc_ht=scontent-sea1-1.cdninstagram.com
2019-02-25T14:28:08,Mining for glory  #ABBFormulaE #racing #motorsport #minecraft #minecraftmemes,https://www.instagram.com/p/BuTt9hQlD8m/,https://scontent-sea1-1.cdninstagram.com/vp/83d8a1ac62c8c0f3e1761dd59b5bba0c/5C7944E0/t51.2885-15/sh0.08/e35/c0.90.720.720/s640x640/52848284_1794432663995970_9200204377803428174_n.jpg?_nc_ht=scontent-sea1-1.cdninstagram.com
2019-02-24T17:16:27,More like the E-cademy Awards #ABBFormulaE #oscars #academyawards #movies,https://www.instagram.com/p/BuRcZN-lsKK/,https://scontent-sea1-1.cdninstagram.com/vp/b8658d2c7e6c64c52331f49500cb022c/5C799458/t51.2885-15/sh0.08/e35/s640x640/51376555_770340360014036_2463940725116308384_n.jpg?_nc_ht=scontent-sea1-1.cdninstagram.com
2019-02-24T13:02:20,Predict where @pascal_wehrlein will finish in the Driver Standings at the end of the season  #ABBFormulaE #racing #motorsport #Mahindra,https://www.instagram.com/p/BuQ_T2kF8Gc/,https://scontent-sea1-1.cdninstagram.com/vp/65e7cea24b57852c3e145a07685b4f2f/5C79B99D/t51.2885-15/sh0.08/e35/s640x640/52572832_385915945537903_3010881763266917038_n.jpg?_nc_ht=scontent-sea1-1.cdninstagram.com
2019-02-23T17:41:15,ATTACK MODE adventures with @afelixdacosta #ABBFormulaE #racing #motorsport,https://www.instagram.com/p/BuO6eQfls0a/,https://scontent-sea1-1.cdninstagram.com/vp/ee5125b93a7a8845010c328e13df4511/5C78C02B/t51.2885-15/sh0.08/e35/s640x640/51875572_294606851159548_4243670926770214683_n.jpg?_nc_ht=scontent-sea1-1.cdninstagram.com
2019-02-23T12:22:25,"Look out, he&#x27;s behind you  @lucasdigrassi #ABBFormulaE #racing #motorsport",https://www.instagram.com/p/BuOWDLolmK7/,https://scontent-sea1-1.cdninstagram.com/vp/bc674e4174e4c927c32e020231ba8a50/5D1F664A/t51.2885-15/sh0.08/e35/c202.0.675.675/s640x640/51161642_619613248497080_6103211539971391958_n.jpg?_nc_ht=scontent-sea1-1.cdninstagram.com
2019-02-22T13:05:49,Your week as presented by the  #MexicoCityEPrix! #ABBFormulaE #motorsport #racing,https://www.instagram.com/p/BuL2Ip-lXL4/,https://scontent-sea1-1.cdninstagram.com/vp/2dba02c39dd65ec92eaf350838b5077b/5C7920AA/t51.2885-15/e15/s640x640/50618304_415281302548856_7627399921870983972_n.jpg?_nc_ht=scontent-sea1-1.cdninstagram.com
