post_url,img_url
https://www.instagram.com/p/BuLyWfah2OZ/,https://scontent-iad3-1.cdninstagram.com/vp/94206a7f1bd5d597602ec48a77946af4/5D0B7F2C/t51.2885-15/sh0.08/e35/c89.0.901.901/s640x640/51144491_247794029444064_7396840819927429740_n.jpg?_nc_ht=scontent-iad3-1.cdninstagram.com
https://www.instagram.com/p/BuGW9M4CFyj/,https://scontent-iad3-1.cdninstagram.com/vp/5e31118d2cc40d380928498bedc5c88d/5C7A49D5/t51.2885-15/e35/51623768_366852850583744_7765976930911344435_n.jpg?_nc_ht=scontent-iad3-1.cdninstagram.com
https://www.instagram.com/p/BuGWVekhXSZ/,https://scontent-iad3-1.cdninstagram.com/vp/288bd88d42d576072a3c21016e371ccd/5D1ABCC6/t51.2885-15/sh0.08/e35/s640x640/50699353_284836992210136_184133449941771268_n.jpg?_nc_ht=scontent-iad3-1.cdninstagram.com
https://www.instagram.com/p/BuD9gU8CvyM/,https://scontent-iad3-1.cdninstagram.com/vp/6477dee3bd5f5bcb6c9f6b3f2cce0611/5C7A4D6C/t51.2885-15/e35/c157.0.406.406/50898819_2229542613925621_3598561498221681332_n.jpg?_nc_ht=scontent-iad3-1.cdninstagram.com
https://www.instagram.com/p/BuDtOSrh73Y/,https://scontent-iad3-1.cdninstagram.com/vp/6620c419ce7d9efa3148783ad7711588/5D123FA2/t51.2885-15/sh0.08/e35/s640x640/51128808_327558841197381_3682922946867296532_n.jpg?_nc_ht=scontent-iad3-1.cdninstagram.com
https://www.instagram.com/p/BuBW5pshJkz/,https://scontent-iad3-1.cdninstagram.com/vp/2e9b23fc9f05c872749595a22b9d42fb/5D12E198/t51.2885-15/sh0.08/e35/s640x640/51081821_2262609744060076_3493665828272610467_n.jpg?_nc_ht=scontent-iad3-1.cdninstagram.com
https://www.instagram.com/p/Bt9vzEEBpVl/,https://scontent-iad3-1.cdninstagram.com/vp/e4375d5f624c7668ed440edb67d68ea5/5D1DE363/t51.2885-15/sh0.08/e35/c136.0.807.807/s640x640/51576623_2108381605922585_3697163273152586872_n.jpg?_nc_ht=scontent-iad3-1.cdninstagram.com
https://www.instagram.com/p/Bt9Mr5xCb0f/,https://scontent-iad3-1.cdninstagram.com/vp/40841a96ffec71b9ab776f95eb84dd9b/5C79CA95/t51.2885-15/e35/51174883_2503214123025572_6907194346153269134_n.jpg?_nc_ht=scontent-iad3-1.cdninstagram.com
https://www.instagram.com/p/Bt80EUihGGY/,https://scontent-iad3-1.cdninstagram.com/vp/bfa3888eab096385698238159484dd3c/5D183D59/t51.2885-15/sh0.08/e35/s640x640/51152777_340195960170161_6398632125692954526_n.jpg?_nc_ht=scontent-iad3-1.cdninstagram.com
https://www.instagram.com/p/Bt8pL7OBHoP/,https://scontent-iad3-1.cdninstagram.com/vp/0a115c49d8ecdcbded4970fccaee60eb/5D164869/t51.2885-15/sh0.08/e35/s640x640/51885903_531615950663497_4402816741776286132_n.jpg?_nc_ht=scontent-iad3-1.cdninstagram.com
https://www.instagram.com/p/Bt60bnthbP9/,https://scontent-iad3-1.cdninstagram.com/vp/d09a740f0565720165b7e030b826f6eb/5D18A8A1/t51.2885-15/sh0.08/e35/c208.0.663.663/s640x640/50943470_1162501933913393_1058757022034605489_n.jpg?_nc_ht=scontent-iad3-1.cdninstagram.com
https://www.instagram.com/p/Bt5koI1hSOh/,https://scontent-iad3-1.cdninstagram.com/vp/a979a597072d45c418afd4c316a73a8c/5D1970E7/t51.2885-15/sh0.08/e35/s640x640/50754509_103275597398601_6082675577671244555_n.jpg?_nc_ht=scontent-iad3-1.cdninstagram.com
https://www.instagram.com/p/Bt07gvKgKO1/,https://scontent-iad3-1.cdninstagram.com/vp/8c3cff6d56109c10a7271424427d9559/5D1B8C3D/t51.2885-15/sh0.08/e35/s640x640/50682065_258514791713112_1139777547471105931_n.jpg?_nc_ht=scontent-iad3-1.cdninstagram.com
https://www.instagram.com/p/BtlhSqxBUpg/,https://scontent-iad3-1.cdninstagram.com/vp/23f4ed052f78536fc37dc5e514020f59/5D100861/t51.2885-15/sh0.08/e35/s640x640/50651980_253631452224771_2608897939053421696_n.jpg?_nc_ht=scontent-iad3-1.cdninstagram.com
https://www.instagram.com/p/BtHPYYShFN_/,https://scontent-iad3-1.cdninstagram.com/vp/5963b74eaba561184da717e1164b9868/5D037A38/t51.2885-15/sh0.08/e35/s640x640/50050169_292152078166146_731549597088816546_n.jpg?_nc_ht=scontent-iad3-1.cdninstagram.com
https://www.instagram.com/p/BtGgmjIhSLd/,https://scontent-iad3-1.cdninstagram.com/vp/d4cdef08279f16ca865010061cc60fca/5D260E46/t51.2885-15/sh0.08/e35/s640x640/50254794_1963187137320410_802752185501021207_n.jpg?_nc_ht=scontent-iad3-1.cdninstagram.com
https://www.instagram.com/p/BtEqkUtBL5W/,https://scontent-iad3-1.cdninstagram.com/vp/3861f2a93ed3066745e5acd30bdf6b8d/5D04DB22/t51.2885-15/sh0.08/e35/c1.0.1078.1078/s640x640/49829004_231899974352370_3931963600450752436_n.jpg?_nc_ht=scontent-iad3-1.cdninstagram.com
https://www.instagram.com/p/BtEV-cJnalU/,https://scontent-iad3-1.cdninstagram.com/vp/eabb8604ce31dbeab241ac34ba1a7994/5D0C2BF2/t51.2885-15/sh0.08/e35/c95.0.890.890/s640x640/49907200_2445861852151141_7966363523123437197_n.jpg?_nc_ht=scontent-iad3-1.cdninstagram.com
https://www.instagram.com/p/Bs-M_QOBiXA/,https://scontent-iad3-1.cdninstagram.com/vp/b50a4336fe927c4f64343e6cdccb6452/5D1F764B/t51.2885-15/sh0.08/e35/c129.0.822.822a/s640x640/47692238_403368073744563_3685400722852391358_n.jpg?_nc_ht=scontent-iad3-1.cdninstagram.com
https://www.instagram.com/p/Bss7wvkhZRJ/,https://scontent-iad3-1.cdninstagram.com/vp/0c4c997ca645631a8e5ccb932f63622c/5D238B36/t51.2885-15/e35/c257.0.566.566/49552768_226464228258831_949678926709687618_n.jpg?_nc_ht=scontent-iad3-1.cdninstagram.com
https://www.instagram.com/p/BspxB8NnGLR/,https://scontent-iad3-1.cdninstagram.com/vp/9ee4f152c04c800d0de9ada02cc7b57f/5C7A3048/t51.2885-15/e35/50039919_507774339712626_3634072251771992702_n.jpg?_nc_ht=scontent-iad3-1.cdninstagram.com
https://www.instagram.com/p/BsivB2YBZaz/,https://scontent-iad3-1.cdninstagram.com/vp/6c0502bcb563464fda2d529b84707228/5D1CB680/t51.2885-15/sh0.08/e35/c180.0.720.720/s640x640/49615168_2010913838958312_7456141464664790749_n.jpg?_nc_ht=scontent-iad3-1.cdninstagram.com
https://www.instagram.com/p/BsiCD_gB9o-/,https://scontent-iad3-1.cdninstagram.com/vp/7dee1dd0a45a595de11357955bae3bd4/5D086665/t51.2885-15/sh0.08/e35/c180.0.719.719/s640x640/47691667_308790286434446_1085825316924061562_n.jpg?_nc_ht=scontent-iad3-1.cdninstagram.com
https://www.instagram.com/p/Bsh8jkOhfRj/,https://scontent-iad3-1.cdninstagram.com/vp/87d7efee8211bebeeee753f0b5c898ac/5D23C996/t51.2885-15/sh0.08/e35/s640x640/49581233_364146881073328_957463972864696646_n.jpg?_nc_ht=scontent-iad3-1.cdninstagram.com
https://www.instagram.com/p/Bsf9ELVhMbm/,https://scontent-iad3-1.cdninstagram.com/vp/585fc89e3bb4b26f69cd8594d8b602dc/5D0EDA62/t51.2885-15/sh0.08/e35/s640x640/49370454_2776259169264906_6087356034947217978_n.jpg?_nc_ht=scontent-iad3-1.cdninstagram.com
https://www.instagram.com/p/BsfjMldhxz1/,https://scontent-iad3-1.cdninstagram.com/vp/40c376d518a3fb010a1f75a5f45d8719/5D115201/t51.2885-15/sh0.08/e35/s640x640/47691352_382085979026193_901649329621648789_n.jpg?_nc_ht=scontent-iad3-1.cdninstagram.com
https://www.instagram.com/p/BsabrGdhmE6/,https://scontent-iad3-1.cdninstagram.com/vp/129be426fdc30ff50899da6eb1292eaa/5D0BDA91/t51.2885-15/sh0.08/e35/c179.0.721.721/s640x640/47690221_274944369847121_5402716967867918723_n.jpg?_nc_ht=scontent-iad3-1.cdninstagram.com
https://www.instagram.com/p/BsVTt0dhNr0/,https://scontent-iad3-1.cdninstagram.com/vp/54436cbdcdcf5580c0b7da63a398982e/5D08502A/t51.2885-15/sh0.08/e35/s640x640/49698595_364266127725161_239941486684490367_n.jpg?_nc_ht=scontent-iad3-1.cdninstagram.com
https://www.instagram.com/p/BsDeP_uHpsI/,https://scontent-iad3-1.cdninstagram.com/vp/a259651bafafa88d291cf9373de2e4b0/5D197CFD/t51.2885-15/sh0.08/e35/s640x640/49771685_282782182370792_359040973738923331_n.jpg?_nc_ht=scontent-iad3-1.cdninstagram.com
https://www.instagram.com/p/BrxRuo5hhWD/,https://scontent-iad3-1.cdninstagram.com/vp/a72faed0078237b322cd8b5faf9e2ff6/5D07A742/t51.2885-15/sh0.08/e35/s640x640/46938899_541543216313399_222232720154077127_n.jpg?_nc_ht=scontent-iad3-1.cdninstagram.com
https://www.instagram.com/p/Brmkx43h5f0/,https://scontent-iad3-1.cdninstagram.com/vp/6cd803c98f751d29cbb005c9581fce94/5D274AB8/t51.2885-15/sh0.08/e35/c164.0.752.752/s640x640/47044337_376249652939816_3651904077697135026_n.jpg?_nc_ht=scontent-iad3-1.cdninstagram.com
https://www.instagram.com/p/BriVihBhH3T/,https://scontent-iad3-1.cdninstagram.com/vp/5283d402248cf4f2ea365fec7946b360/5C7A5856/t51.2885-15/e15/c157.0.405.405/46819338_264566300881151_3478623823199784536_n.jpg?_nc_ht=scontent-iad3-1.cdninstagram.com
https://www.instagram.com/p/BrcMts_hDqA/,https://scontent-iad3-1.cdninstagram.com/vp/66e961929b8f19781decd0cce3a5c5c8/5D032286/t51.2885-15/sh0.08/e35/s640x640/46111011_104930753825750_6977191825724224340_n.jpg?_nc_ht=scontent-iad3-1.cdninstagram.com
https://www.instagram.com/p/BraZ5oohSeT/,https://scontent-iad3-1.cdninstagram.com/vp/c038649f8e38938844ad3cf2ff5dd5bd/5D126D72/t51.2885-15/sh0.08/e35/c151.0.777.777/s640x640/47057090_356446938464506_292522840735432065_n.jpg?_nc_ht=scontent-iad3-1.cdninstagram.com
https://www.instagram.com/p/BraYjSoBn2F/,https://scontent-iad3-1.cdninstagram.com/vp/c48cb7168e39caff008f77ae98071d52/5D199158/t51.2885-15/sh0.08/e35/c180.0.720.720/s640x640/46260708_586916818426329_4389871712198553850_n.jpg?_nc_ht=scontent-iad3-1.cdninstagram.com
https://www.instagram.com/p/BraAzN-BDxW/,https://scontent-iad3-1.cdninstagram.com/vp/3ba330a1dd2f3275b51e1adc46c3aab8/5D037B03/t51.2885-15/sh0.08/e35/s640x640/46620951_2174212709497965_155503204640411808_n.jpg?_nc_ht=scontent-iad3-1.cdninstagram.com
https://www.instagram.com/p/BrZ-YFrhiPD/,https://scontent-iad3-1.cdninstagram.com/vp/7010b77a7f4059ccd801af7a20721554/5D03D36A/t51.2885-15/sh0.08/e35/c169.0.741.741/s640x640/47694111_2329012157335601_4223192784039531179_n.jpg?_nc_ht=scontent-iad3-1.cdninstagram.com
https://www.instagram.com/p/BrZ9uTOhYwA/,https://scontent-iad3-1.cdninstagram.com/vp/600deb28129633014a1704bd54d27489/5D2739FB/t51.2885-15/sh0.08/e35/c180.0.720.720/s640x640/47691847_263262437704240_8192544596153742242_n.jpg?_nc_ht=scontent-iad3-1.cdninstagram.com
https://www.instagram.com/p/BrZl-QpBqx4/,https://scontent-iad3-1.cdninstagram.com/vp/7d304c1100c69029670d3d71108fb659/5D156056/t51.2885-15/sh0.08/e35/s640x640/45902894_154242292219104_5553680683315011221_n.jpg?_nc_ht=scontent-iad3-1.cdninstagram.com
https://www.instagram.com/p/BrYZverB6Zp/,https://scontent-iad3-1.cdninstagram.com/vp/b0aff823ca13b24f083da2e8203ebb41/5C7A3A35/t51.2885-15/e15/c157.0.405.405/46182414_130689731264722_7957676523567310619_n.jpg?_nc_ht=scontent-iad3-1.cdninstagram.com
https://www.instagram.com/p/BrYAaDDBN9j/,https://scontent-iad3-1.cdninstagram.com/vp/068ae95578a0532969ac3fab93671c65/5D10DFDB/t51.2885-15/sh0.08/e35/c180.0.720.720/s640x640/46546975_363623501039446_5043755857436878581_n.jpg?_nc_ht=scontent-iad3-1.cdninstagram.com
https://www.instagram.com/p/BrX9mU8BcOE/,https://scontent-iad3-1.cdninstagram.com/vp/fca8deab49c11387dd031ee4f8a433b7/5C7A554A/t51.2885-15/e15/c157.0.405.405/46664049_420741198462870_464837901499889703_n.jpg?_nc_ht=scontent-iad3-1.cdninstagram.com
https://www.instagram.com/p/BrX9Cb2hrjs/,https://scontent-iad3-1.cdninstagram.com/vp/22b9246708040cc390c1a5d1a104739e/5D157838/t51.2885-15/sh0.08/e35/c170.0.739.739/s640x640/46405040_2144605505756754_494346086526727048_n.jpg?_nc_ht=scontent-iad3-1.cdninstagram.com
https://www.instagram.com/p/BrX062nhMTK/,https://scontent-iad3-1.cdninstagram.com/vp/e8d7fd54b96085aab56bc06321e5a41b/5D10D90A/t51.2885-15/e35/c223.0.634.634/46436116_269124920396854_8488087907439173574_n.jpg?_nc_ht=scontent-iad3-1.cdninstagram.com
https://www.instagram.com/p/BrXwtfuBRwk/,https://scontent-iad3-1.cdninstagram.com/vp/3d92fc921317598ba604d8e4ef373dcc/5D19C53E/t51.2885-15/sh0.08/e35/c180.0.720.720/s640x640/46127592_317302902219186_7179035704232626678_n.jpg?_nc_ht=scontent-iad3-1.cdninstagram.com
https://www.instagram.com/p/BrXu8xEhWRD/,https://scontent-iad3-1.cdninstagram.com/vp/94dd4a676610751bfba9a71f46db9ce3/5D1D4BBE/t51.2885-15/sh0.08/e35/c180.0.720.720/s640x640/46654566_314736829376968_1909778463802220321_n.jpg?_nc_ht=scontent-iad3-1.cdninstagram.com
https://www.instagram.com/p/BrXjCb6hmO4/,https://scontent-iad3-1.cdninstagram.com/vp/4df1a0a74cb2add87411cd461cfeccae/5C79D6FA/t51.2885-15/e15/c157.0.405.405/47434742_251737309073411_7250545927577282490_n.jpg?_nc_ht=scontent-iad3-1.cdninstagram.com
https://www.instagram.com/p/BrXb1RYhCz9/,https://scontent-iad3-1.cdninstagram.com/vp/7de141020534492d6b4e85f6ef4ce2a6/5D080565/t51.2885-15/sh0.08/e35/c181.0.718.718/s640x640/45886624_213766986214450_4804424329690425575_n.jpg?_nc_ht=scontent-iad3-1.cdninstagram.com
https://www.instagram.com/p/BrXU6Z9BndX/,https://scontent-iad3-1.cdninstagram.com/vp/b1fcc45ff4bb1670586208f916f82ae8/5D070E2E/t51.2885-15/sh0.08/e35/c0.135.1080.1080/s640x640/46478059_273047310071088_7290926752484530700_n.jpg?_nc_ht=scontent-iad3-1.cdninstagram.com
https://www.instagram.com/p/BrUpB-NB-o7/,https://scontent-iad3-1.cdninstagram.com/vp/e8ea342905a6d6f27431c4a17013df08/5D282205/t51.2885-15/sh0.08/e35/s640x640/46176542_509561172862484_9167517121683342648_n.jpg?_nc_ht=scontent-iad3-1.cdninstagram.com
https://www.instagram.com/p/BrQ2QB2BzjC/,https://scontent-iad3-1.cdninstagram.com/vp/690df1a5e52bec863f8fbbc4cefdc7d2/5C79DA6A/t51.2885-15/e15/46702573_299012897410934_5738769380300581894_n.jpg?_nc_ht=scontent-iad3-1.cdninstagram.com
https://www.instagram.com/p/BrPk8EPhXoP/,https://scontent-iad3-1.cdninstagram.com/vp/9d0a98d084d8cc5548ad707580b366ef/5C79761B/t51.2885-15/e15/c157.0.405.405/47045446_386537098782335_4118882262188906713_n.jpg?_nc_ht=scontent-iad3-1.cdninstagram.com
https://www.instagram.com/p/BrH1-0aBP1M/,https://scontent-iad3-1.cdninstagram.com/vp/8b5555522e24c16110dd1f7148856060/5D153103/t51.2885-15/sh0.08/e35/c181.0.718.718/s640x640/46790740_272790690092740_369160082187081304_n.jpg?_nc_ht=scontent-iad3-1.cdninstagram.com
https://www.instagram.com/p/BrHifHUhJKv/,https://scontent-iad3-1.cdninstagram.com/vp/c0f33f4f8e861ba4ce27f636c5fda187/5C7A6764/t51.2885-15/e15/46224545_504492443396455_5893431979148246417_n.jpg?_nc_ht=scontent-iad3-1.cdninstagram.com
https://www.instagram.com/p/BrC0VfUBbV4/,https://scontent-iad3-1.cdninstagram.com/vp/a417e1caff3356a6153c0900ee856613/5C7A2F96/t51.2885-15/e15/c157.0.405.405/45967354_337871276798190_5705336929454565972_n.jpg?_nc_ht=scontent-iad3-1.cdninstagram.com
https://www.instagram.com/p/Bq-HHJFBV4d/,https://scontent-iad3-1.cdninstagram.com/vp/3bbb802d39d715ae28c8b66bfcea575b/5C7A2239/t51.2885-15/e15/c157.0.405.405/45397299_582394872209899_6319674228392853032_n.jpg?_nc_ht=scontent-iad3-1.cdninstagram.com
https://www.instagram.com/p/BqzvO91B9f8/,https://scontent-iad3-1.cdninstagram.com/vp/13c045f34824f21133e67a45a90f11a6/5D238898/t51.2885-15/sh0.08/e35/s640x640/45406720_582644248816499_4377060830624117490_n.jpg?_nc_ht=scontent-iad3-1.cdninstagram.com
https://www.instagram.com/p/BqwuudZBFj3/,https://scontent-iad3-1.cdninstagram.com/vp/06c45312fa9bfbb5567e7488baf15915/5C79C834/t51.2885-15/e15/c157.0.405.405/46402722_971689056365824_7578577747500524159_n.jpg?_nc_ht=scontent-iad3-1.cdninstagram.com
https://www.instagram.com/p/BquCJ6FBrpE/,https://scontent-iad3-1.cdninstagram.com/vp/afe01222ec06c192cd0825fe4f21f21b/5D2619CE/t51.2885-15/sh0.08/e35/c180.0.720.720/s640x640/45738368_2190409467885129_4179376390886770074_n.jpg?_nc_ht=scontent-iad3-1.cdninstagram.com
https://www.instagram.com/p/BqhOsZwB-py/,https://scontent-iad3-1.cdninstagram.com/vp/7eec63407c69b26b47eb1dddc914defc/5C7A0E9B/t51.2885-15/e15/c157.0.405.405/44868326_605602923203518_2909264150432758595_n.jpg?_nc_ht=scontent-iad3-1.cdninstagram.com
https://www.instagram.com/p/BqW9610huR5/,https://scontent-iad3-1.cdninstagram.com/vp/3408829cd2d223762dfe1289aaa369a4/5D1A6E39/t51.2885-15/sh0.08/e35/c175.0.730.730/s640x640/44552911_251674952151925_7757695192212873438_n.jpg?_nc_ht=scontent-iad3-1.cdninstagram.com
https://www.instagram.com/p/BqUkdiVhx6P/,https://scontent-iad3-1.cdninstagram.com/vp/f9a24b0240dc04460c9694b570a5f8a7/5D0850F7/t51.2885-15/e35/45318779_353756185188415_8814031501419741852_n.jpg?_nc_ht=scontent-iad3-1.cdninstagram.com
https://www.instagram.com/p/BqPNf1DhkAk/,https://scontent-iad3-1.cdninstagram.com/vp/d958780e982ab710658a541daba78b34/5D11066A/t51.2885-15/sh0.08/e35/s640x640/44735849_354063765361840_2005557371062290589_n.jpg?_nc_ht=scontent-iad3-1.cdninstagram.com
https://www.instagram.com/p/BqM0N1ehIHd/,https://scontent-iad3-1.cdninstagram.com/vp/bdd255c7c482bf291eb298bf6e8bedad/5D28C971/t51.2885-15/sh0.08/e35/c181.0.718.718/s640x640/43526349_520669665110313_8622004358879645753_n.jpg?_nc_ht=scontent-iad3-1.cdninstagram.com
https://www.instagram.com/p/BqHnLiZBdFs/,https://scontent-iad3-1.cdninstagram.com/vp/cb8930e936bfdee16f48d524bdec5b4f/5D259CD8/t51.2885-15/sh0.08/e35/c181.0.718.718/s640x640/46096986_916922051844459_2282353492391870999_n.jpg?_nc_ht=scontent-iad3-1.cdninstagram.com
https://www.instagram.com/p/Bp68mHBBVQf/,https://scontent-iad3-1.cdninstagram.com/vp/da7ee9b9e8556e872ae9d7127f6c2653/5D01DA43/t51.2885-15/sh0.08/e35/c181.0.718.718/s640x640/43625946_1969835029762575_509550118956597556_n.jpg?_nc_ht=scontent-iad3-1.cdninstagram.com
https://www.instagram.com/p/BpzbMTXh6s5/,https://scontent-iad3-1.cdninstagram.com/vp/dc81b33309647547facf7f3c63c70f5c/5D28978A/t51.2885-15/sh0.08/e35/c166.0.748.748/s640x640/43914152_564541880663013_7101862977292585759_n.jpg?_nc_ht=scontent-iad3-1.cdninstagram.com
https://www.instagram.com/p/Bpms5R4BlGE/,https://scontent-iad3-1.cdninstagram.com/vp/aa9776524cfeb4e9970f64e35cdc5713/5D27B38E/t51.2885-15/sh0.08/e35/s640x640/44698471_185374835700047_4871456918251207205_n.jpg?_nc_ht=scontent-iad3-1.cdninstagram.com
https://www.instagram.com/p/BpkA0bSB1Di/,https://scontent-iad3-1.cdninstagram.com/vp/2eb4d32c29fe1af5d756d0445b21fb9e/5D0594DE/t51.2885-15/sh0.08/e35/s640x640/44924092_2008691699430340_5634789992875400372_n.jpg?_nc_ht=scontent-iad3-1.cdninstagram.com
https://www.instagram.com/p/BpZngsOhAXU/,https://scontent-iad3-1.cdninstagram.com/vp/c15ea76ea30999348c824041708325fa/5C79F191/t51.2885-15/e15/c157.0.405.405/43913084_247023646169097_279966036295337833_n.jpg?_nc_ht=scontent-iad3-1.cdninstagram.com
https://www.instagram.com/p/BpWfsNIBkmg/,https://scontent-iad3-1.cdninstagram.com/vp/4fdb4906f23ff46f9739288d17668a04/5D2532BE/t51.2885-15/sh0.08/e35/c160.0.760.760/s640x640/43218019_479545822550048_3344332003607179955_n.jpg?_nc_ht=scontent-iad3-1.cdninstagram.com
https://www.instagram.com/p/BpUZm2hBAYz/,https://scontent-iad3-1.cdninstagram.com/vp/55b14c78bf31addfe4976c7e9160da3d/5D0C8875/t51.2885-15/sh0.08/e35/c181.0.718.718/s640x640/43778877_2154865198098141_1914018703935508756_n.jpg?_nc_ht=scontent-iad3-1.cdninstagram.com
https://www.instagram.com/p/BpOstXphMeo/,https://scontent-iad3-1.cdninstagram.com/vp/bf947c665e66a0a71211b681f91ae47d/5D221A28/t51.2885-15/sh0.08/e35/s640x640/43203627_301395677358820_1330790017103403151_n.jpg?_nc_ht=scontent-iad3-1.cdninstagram.com
https://www.instagram.com/p/BpMCLwJBahn/,https://scontent-iad3-1.cdninstagram.com/vp/a10a87223d4cc53ca5ff606e281a0c22/5D228604/t51.2885-15/sh0.08/e35/s640x640/43201098_492194241291938_6634302396303359663_n.jpg?_nc_ht=scontent-iad3-1.cdninstagram.com
https://www.instagram.com/p/BpHx_02h_zT/,https://scontent-iad3-1.cdninstagram.com/vp/8f41bddfb99b79e937549b46b1ba9e68/5D0DD973/t51.2885-15/sh0.08/e35/s640x640/43433607_2084269388283965_7267725146413800727_n.jpg?_nc_ht=scontent-iad3-1.cdninstagram.com
https://www.instagram.com/p/BpHxiudhGOe/,https://scontent-iad3-1.cdninstagram.com/vp/ff31bdd29bc2798cc8edcbf0fd6c6c10/5D268C22/t51.2885-15/sh0.08/e35/s640x640/43423305_585763291864200_7521767062550786517_n.jpg?_nc_ht=scontent-iad3-1.cdninstagram.com
https://www.instagram.com/p/BpHxPyeB-o4/,https://scontent-iad3-1.cdninstagram.com/vp/78709fcb826789bd4139a20721d39943/5D25EC7C/t51.2885-15/sh0.08/e35/s640x640/43400293_310165159574230_7611141902786120195_n.jpg?_nc_ht=scontent-iad3-1.cdninstagram.com
https://www.instagram.com/p/BpHMvDSBYdX/,https://scontent-iad3-1.cdninstagram.com/vp/d27af4636f84d75af48b33b1a07cc7b2/5D1E833F/t51.2885-15/sh0.08/e35/c181.0.718.718/s640x640/42696478_193446821563550_8883894513486371369_n.jpg?_nc_ht=scontent-iad3-1.cdninstagram.com
https://www.instagram.com/p/BpHHIMLBH1y/,https://scontent-iad3-1.cdninstagram.com/vp/4f348fa948c0304e3fd729006cdeca62/5D1967C1/t51.2885-15/sh0.08/e35/c161.0.758.758/s640x640/43180279_296216887652733_1470096297446844705_n.jpg?_nc_ht=scontent-iad3-1.cdninstagram.com
https://www.instagram.com/p/BpHEcamhmNH/,https://scontent-iad3-1.cdninstagram.com/vp/db4fd07a6cf70c98923c8be5c3551b56/5D187055/t51.2885-15/sh0.08/e35/c159.0.761.761/s640x640/41687569_1219000298238466_7891918522710021143_n.jpg?_nc_ht=scontent-iad3-1.cdninstagram.com
https://www.instagram.com/p/BpGtk3Ch16H/,https://scontent-iad3-1.cdninstagram.com/vp/e6012898f27c6d13949e58541527f27e/5D1E1728/t51.2885-15/sh0.08/e35/s640x640/43778639_2216925858596388_5848612240100466533_n.jpg?_nc_ht=scontent-iad3-1.cdninstagram.com
https://www.instagram.com/p/BpEJCE3Bv5N/,https://scontent-iad3-1.cdninstagram.com/vp/23b5bb5fa0e51a11e94d497ba308b6fa/5D28E213/t51.2885-15/sh0.08/e35/s640x640/43405974_335576840341945_9200592887621024355_n.jpg?_nc_ht=scontent-iad3-1.cdninstagram.com
https://www.instagram.com/p/BpC18iFhepR/,https://scontent-iad3-1.cdninstagram.com/vp/979b007eef7146f11bac6ce56a772a58/5D070262/t51.2885-15/sh0.08/e35/s640x640/43914986_1133048580191536_1274637511717898523_n.jpg?_nc_ht=scontent-iad3-1.cdninstagram.com
https://www.instagram.com/p/BpCXqn-BAW_/,https://scontent-iad3-1.cdninstagram.com/vp/6f9874a9b1b475ab4b4cc9275aa5b287/5D0657B4/t51.2885-15/sh0.08/e35/s640x640/42869656_731338393900367_4889026648381645748_n.jpg?_nc_ht=scontent-iad3-1.cdninstagram.com
https://www.instagram.com/p/BpCHcgJB9TZ/,https://scontent-iad3-1.cdninstagram.com/vp/56f3898edcc42c0d4b1f0350b824317e/5D175FC4/t51.2885-15/sh0.08/e35/s640x640/43778702_1850943731693907_1422589256572215395_n.jpg?_nc_ht=scontent-iad3-1.cdninstagram.com
https://www.instagram.com/p/BpB9rflhP2S/,https://scontent-iad3-1.cdninstagram.com/vp/f2f5bd430e6a79e28798471f70d6a2ee/5D09EA90/t51.2885-15/sh0.08/e35/c0.135.1080.1080a/s640x640/42666689_2023560541020149_9120907092413899208_n.jpg?_nc_ht=scontent-iad3-1.cdninstagram.com
https://www.instagram.com/p/BpB0ALdhWmZ/,https://scontent-iad3-1.cdninstagram.com/vp/a4daad74d7a1a577d20ae19626981e21/5D1E1D7D/t51.2885-15/sh0.08/e35/c181.0.718.718/s640x640/43157094_178958713006531_7028559481541262179_n.jpg?_nc_ht=scontent-iad3-1.cdninstagram.com
https://www.instagram.com/p/Bo_I-XHB0Kq/,https://scontent-iad3-1.cdninstagram.com/vp/43f16500e6481e1b59800073c2481fe4/5D129BEE/t51.2885-15/sh0.08/e35/c0.135.1080.1080/s640x640/42002576_700415113663757_4167579115475100797_n.jpg?_nc_ht=scontent-iad3-1.cdninstagram.com
https://www.instagram.com/p/Bo7CClGBv16/,https://scontent-iad3-1.cdninstagram.com/vp/beb08e9932b6d61b8db51eabb7e6791a/5C7A34A3/t51.2885-15/e15/s640x640/42537368_761669797499114_6258482554327953600_n.jpg?_nc_ht=scontent-iad3-1.cdninstagram.com
https://www.instagram.com/p/Bo6nYfnBGYT/,https://scontent-iad3-1.cdninstagram.com/vp/5ff0c2c1d9e85d98f3db72060e7526d9/5D031CAF/t51.2885-15/sh0.08/e35/s640x640/42780134_2265706880325531_4872071464684254013_n.jpg?_nc_ht=scontent-iad3-1.cdninstagram.com
https://www.instagram.com/p/Bo6etoPhdc6/,https://scontent-iad3-1.cdninstagram.com/vp/051bf706a95678fa45d44338ff3f6dd4/5D27CA18/t51.2885-15/e35/42849468_337441873725444_5473729670287922768_n.jpg?_nc_ht=scontent-iad3-1.cdninstagram.com
https://www.instagram.com/p/Bo6N5auhgTx/,https://scontent-iad3-1.cdninstagram.com/vp/35eaaaf076a30eb5986db8e9ae17ff4f/5D1E9921/t51.2885-15/e35/c1.0.526.526/42508944_276950496325068_1122293052101194827_n.jpg?_nc_ht=scontent-iad3-1.cdninstagram.com
https://www.instagram.com/p/Bo4pW3IBurc/,https://scontent-iad3-1.cdninstagram.com/vp/0091a55f08302f51fd96c787460dd69c/5D1611C8/t51.2885-15/sh0.08/e35/s640x640/42850256_311417016342066_7646009647596665571_n.jpg?_nc_ht=scontent-iad3-1.cdninstagram.com
https://www.instagram.com/p/Bo4N07GhqWf/,https://scontent-iad3-1.cdninstagram.com/vp/d31fa9b6877596476ae6961a8d573897/5D196206/t51.2885-15/e35/42366611_2204842656462447_6613022319083177552_n.jpg?_nc_ht=scontent-iad3-1.cdninstagram.com
https://www.instagram.com/p/BozMEDABJUV/,https://scontent-iad3-1.cdninstagram.com/vp/24ce6a859ed4fb995114cb874069eb1c/5D1B971D/t51.2885-15/sh0.08/e35/s640x640/43058170_955809997937254_490846786524748102_n.jpg?_nc_ht=scontent-iad3-1.cdninstagram.com
https://www.instagram.com/p/BowkBqNB6Vm/,https://scontent-iad3-1.cdninstagram.com/vp/f155f5dd6bfeb0504d8e889c1b50821a/5D1AA348/t51.2885-15/sh0.08/e35/c149.0.782.782/s640x640/43564530_627313531003928_6625784478291994876_n.jpg?_nc_ht=scontent-iad3-1.cdninstagram.com
https://www.instagram.com/p/Bot4_fGB3Zr/,https://scontent-iad3-1.cdninstagram.com/vp/0c9c8e59155b77fc9e6e22893dd8d09c/5D02B1DA/t51.2885-15/sh0.08/e35/c180.0.720.720/s640x640/42648150_1950425911690143_1768622885262764446_n.jpg?_nc_ht=scontent-iad3-1.cdninstagram.com
https://www.instagram.com/p/BorBeq6hx4t/,https://scontent-iad3-1.cdninstagram.com/vp/0e5c173296f70b48a2e8a010b10a51af/5D1965FE/t51.2885-15/sh0.08/e35/c180.0.720.720/s640x640/42333467_240374729966257_5947031167425239320_n.jpg?_nc_ht=scontent-iad3-1.cdninstagram.com
https://www.instagram.com/p/BoldKIOBDzq/,https://scontent-iad3-1.cdninstagram.com/vp/f48d9fa29d1d98d8a59397173d81c22d/5D15C9C6/t51.2885-15/e35/c134.0.530.530/42003861_1721762401285718_8435597497017661837_n.jpg?_nc_ht=scontent-iad3-1.cdninstagram.com
https://www.instagram.com/p/BojfX0MiU2T/,https://scontent-iad3-1.cdninstagram.com/vp/1c602bebd4a422b0091c862b7256e052/5D0A3229/t51.2885-15/sh0.08/e35/c202.0.675.675/s640x640/42642474_393152004556050_8343293533196382220_n.jpg?_nc_ht=scontent-iad3-1.cdninstagram.com
https://www.instagram.com/p/BoMkVA7hzS2/,https://scontent-iad3-1.cdninstagram.com/vp/11f7dace4028d81bad994c50ca7d943e/5C79D116/t51.2885-15/e15/c0.90.720.720/s640x640/42002778_335100233929210_7000264969018661976_n.jpg?_nc_ht=scontent-iad3-1.cdninstagram.com
https://www.instagram.com/p/BoHDBjPBwiY/,https://scontent-iad3-1.cdninstagram.com/vp/570f034a081d80717812eaa831cfda45/5D086E9B/t51.2885-15/sh0.08/e35/s640x640/42336566_262638211050348_2220811616116900521_n.jpg?_nc_ht=scontent-iad3-1.cdninstagram.com
https://www.instagram.com/p/Bn_u5R_hi9p/,https://scontent-iad3-1.cdninstagram.com/vp/c018aa8545576424945477e7455279ef/5D183E35/t51.2885-15/sh0.08/e35/c135.0.809.809/s640x640/42003121_339214243319879_9216029380565896285_n.jpg?_nc_ht=scontent-iad3-1.cdninstagram.com
https://www.instagram.com/p/Bn_LnuYBbY_/,https://scontent-iad3-1.cdninstagram.com/vp/18887ed6f6d8afaef7bb905192860d65/5D250CDE/t51.2885-15/sh0.08/e35/c135.0.809.809/s640x640/41305120_548055765623110_1572548979765605140_n.jpg?_nc_ht=scontent-iad3-1.cdninstagram.com
https://www.instagram.com/p/Bn9KOhVh9JW/,https://scontent-iad3-1.cdninstagram.com/vp/70772c79ffdb7d5e6d35b1bccf95dd87/5D02CDD1/t51.2885-15/sh0.08/e35/s640x640/41597467_348612832546626_8144174343765507421_n.jpg?_nc_ht=scontent-iad3-1.cdninstagram.com
https://www.instagram.com/p/Bn8Ot3rh-hI/,https://scontent-iad3-1.cdninstagram.com/vp/ef0c6d75aeefc38f1068db6af039a7ff/5D27CC3F/t51.2885-15/e35/c135.0.520.520/41606023_2233662800212479_3453532437146166264_n.jpg?_nc_ht=scontent-iad3-1.cdninstagram.com
https://www.instagram.com/p/Bn39xn8nDnH/,https://scontent-iad3-1.cdninstagram.com/vp/022833f5c51db76b5604b18d309f5974/5C7A6467/t51.2885-15/e15/c156.0.407.407/42003999_1977557105628009_6274964062612422542_n.jpg?_nc_ht=scontent-iad3-1.cdninstagram.com
https://www.instagram.com/p/BntEO8vHPz5/,https://scontent-iad3-1.cdninstagram.com/vp/10fefa9bd72ff8d7360793b23d9a2efb/5D2290CF/t51.2885-15/sh0.08/e35/c135.0.809.809/s640x640/40540004_466034497214777_3578490079087571099_n.jpg?_nc_ht=scontent-iad3-1.cdninstagram.com
https://www.instagram.com/p/Bnnp__jjcMQ/,https://scontent-iad3-1.cdninstagram.com/vp/95948ac996e557910ff3bad70f843f21/5D117ED1/t51.2885-15/e35/c136.0.514.514/40419868_548129785634984_1968319235346096297_n.jpg?_nc_ht=scontent-iad3-1.cdninstagram.com
https://www.instagram.com/p/BneImqmD-wr/,https://scontent-iad3-1.cdninstagram.com/vp/ee8ad1a29bbc5d218a9853cdb8634c2a/5C79EBE7/t51.2885-15/e15/c157.0.405.405/40390055_295708514592577_2522272850821530272_n.jpg?_nc_ht=scontent-iad3-1.cdninstagram.com
https://www.instagram.com/p/BnbjY7HDdaL/,https://scontent-iad3-1.cdninstagram.com/vp/9d977315d97d9b39402640e5af18a001/5D030E6B/t51.2885-15/sh0.08/e35/c135.0.810.810/s640x640/40360534_1682325605224145_261936946501651747_n.jpg?_nc_ht=scontent-iad3-1.cdninstagram.com
https://www.instagram.com/p/BnYI8SADQTZ/,https://scontent-iad3-1.cdninstagram.com/vp/092c469b1dd70ce0f324524a63d01173/5D1412BC/t51.2885-15/sh0.08/e35/s640x640/39894850_225581984979831_2210845421149409548_n.jpg?_nc_ht=scontent-iad3-1.cdninstagram.com
https://www.instagram.com/p/BnWYJn3DF3l/,https://scontent-iad3-1.cdninstagram.com/vp/1bc5a8a87a180f44d3471d632406e151/5D1A3383/t51.2885-15/sh0.08/e35/s640x640/40463156_253879035266124_8409467522285305856_n.jpg?_nc_ht=scontent-iad3-1.cdninstagram.com
https://www.instagram.com/p/BnRC4g6DIUX/,https://scontent-iad3-1.cdninstagram.com/vp/0b9fe75b88aaaac455a09b7ce3dc5362/5D07565B/t51.2885-15/sh0.08/e35/s640x640/40167778_238824753447724_4585520459184865280_n.jpg?_nc_ht=scontent-iad3-1.cdninstagram.com
https://www.instagram.com/p/BnL-1FfDdDP/,https://scontent-iad3-1.cdninstagram.com/vp/ee7a2b9744007e8ce5c4fccee4e0cef8/5D18ED28/t51.2885-15/sh0.08/e35/s640x640/40257410_458155524690114_1883507888471670784_n.jpg?_nc_ht=scontent-iad3-1.cdninstagram.com
https://www.instagram.com/p/BnBwkkBAxoa/,https://scontent-iad3-1.cdninstagram.com/vp/1de8ec6cf3f71d6fe7b35351074ea719/5D0D8BC2/t51.2885-15/sh0.08/e35/s640x640/39494106_254588278726117_5465325328446521344_n.jpg?_nc_ht=scontent-iad3-1.cdninstagram.com
https://www.instagram.com/p/Bm_Ro0kgKKP/,https://scontent-iad3-1.cdninstagram.com/vp/3acddf2e7cded51e250b2afa6fc1e8a8/5D0C17CC/t51.2885-15/sh0.08/e35/s640x640/38900088_2074993399212082_1057012535540056064_n.jpg?_nc_ht=scontent-iad3-1.cdninstagram.com
https://www.instagram.com/p/Bm81zwhgca5/,https://scontent-iad3-1.cdninstagram.com/vp/ad65323a1dbd8496e328aecd593c1049/5D0CF964/t51.2885-15/sh0.08/e35/s640x640/39525725_261233461169148_6496149661676470272_n.jpg?_nc_ht=scontent-iad3-1.cdninstagram.com
https://www.instagram.com/p/Bm6hinIjOjC/,https://scontent-iad3-1.cdninstagram.com/vp/8a64437001f5df966be45f9db8148bec/5D110DC2/t51.2885-15/sh0.08/e35/s640x640/39035285_2167616840180910_2021759720339013632_n.jpg?_nc_ht=scontent-iad3-1.cdninstagram.com
https://www.instagram.com/p/Bm3lpXhjDjY/,https://scontent-iad3-1.cdninstagram.com/vp/6e476c72d318ab5051ba4cb2a29c9e9d/5D186FFD/t51.2885-15/sh0.08/e35/s640x640/38941968_2175599612511359_8973024350290575360_n.jpg?_nc_ht=scontent-iad3-1.cdninstagram.com
https://www.instagram.com/p/Bm3QrdgDlzN/,https://scontent-iad3-1.cdninstagram.com/vp/74ecef24e42677c32ed4460dc39fb5c6/5C7A45B1/t51.2885-15/e35/c0.60.480.480a/39335194_653412078375735_7054945857736540160_n.jpg?_nc_ht=scontent-iad3-1.cdninstagram.com
https://www.instagram.com/p/Bm071EPDuk_/,https://scontent-iad3-1.cdninstagram.com/vp/867e90ec16f3466d3caa3b966787b150/5D0FC5A8/t51.2885-15/sh0.08/e35/s640x640/38876752_223695635168060_4247344853240774656_n.jpg?_nc_ht=scontent-iad3-1.cdninstagram.com
https://www.instagram.com/p/BmvxknGDqwq/,https://scontent-iad3-1.cdninstagram.com/vp/88db4bf8712e8340f1ee0f4a6fa5cf97/5D20207D/t51.2885-15/sh0.08/e35/s640x640/39323087_2174457266145248_1046245898637541376_n.jpg?_nc_ht=scontent-iad3-1.cdninstagram.com
https://www.instagram.com/p/Bmsj6CpDr1J/,https://scontent-iad3-1.cdninstagram.com/vp/c3204f62398a5c53fc9b53404c482523/5D1FDA33/t51.2885-15/sh0.08/e35/s640x640/38800021_2163642727246843_4256737096313602048_n.jpg?_nc_ht=scontent-iad3-1.cdninstagram.com
https://www.instagram.com/p/Bmiw0WHDKvu/,https://scontent-iad3-1.cdninstagram.com/vp/560bc084879390b242ff80b480163a56/5D1AEF74/t51.2885-15/e35/38806730_2078604929070272_8851111119478063104_n.jpg?_nc_ht=scontent-iad3-1.cdninstagram.com
https://www.instagram.com/p/BmiZXYpjss5/,https://scontent-iad3-1.cdninstagram.com/vp/5afa4c5780fdefa27e3dea8a7aa0986c/5D267974/t51.2885-15/sh0.08/e35/s640x640/39022314_247392206104107_6826908086733635584_n.jpg?_nc_ht=scontent-iad3-1.cdninstagram.com
https://www.instagram.com/p/BmdxmexjsA8/,https://scontent-iad3-1.cdninstagram.com/vp/370e89d29e56f7e43b250ed1fe304ea8/5D229F76/t51.2885-15/sh0.08/e35/s640x640/38462093_466418910502552_8014151319247912960_n.jpg?_nc_ht=scontent-iad3-1.cdninstagram.com
https://www.instagram.com/p/BmWfDnEjAZF/,https://scontent-iad3-1.cdninstagram.com/vp/90af8335239fddc94e8fb28fbd6ad9b6/5D09114C/t51.2885-15/sh0.08/e35/s640x640/38627287_241740316668823_554900549053448192_n.jpg?_nc_ht=scontent-iad3-1.cdninstagram.com
https://www.instagram.com/p/BmV2_Eaj5fZ/,https://scontent-iad3-1.cdninstagram.com/vp/26463fd10ab4b8e9e9d76d20b3e83d74/5D0B1760/t51.2885-15/sh0.08/e35/s640x640/38681601_881008535428137_4090334687283642368_n.jpg?_nc_ht=scontent-iad3-1.cdninstagram.com
https://www.instagram.com/p/BmTM01JDBv2/,https://scontent-iad3-1.cdninstagram.com/vp/17244ef306e45dce2389549900efa2d5/5D05F46E/t51.2885-15/sh0.08/e35/s640x640/37961205_217506025588359_2128258820332322816_n.jpg?_nc_ht=scontent-iad3-1.cdninstagram.com
https://www.instagram.com/p/BmOag_LDe8u/,https://scontent-iad3-1.cdninstagram.com/vp/86077b3b6e6220472733e0d0eda1976e/5D0C6DD1/t51.2885-15/sh0.08/e35/s640x640/37845890_295295944380168_7184414150771081216_n.jpg?_nc_ht=scontent-iad3-1.cdninstagram.com
https://www.instagram.com/p/BmLfF6oDntt/,https://scontent-iad3-1.cdninstagram.com/vp/d7d85cbf837c645a1e2736204ad976a0/5D21A191/t51.2885-15/sh0.08/e35/s640x640/38010672_249362532373977_9022894877716774912_n.jpg?_nc_ht=scontent-iad3-1.cdninstagram.com
https://www.instagram.com/p/BmBTJM6jyN7/,https://scontent-iad3-1.cdninstagram.com/vp/8d30879531760bcc9911eb2f804a2d84/5D175E31/t51.2885-15/sh0.08/e35/s640x640/37805907_221729951876657_4285302971043938304_n.jpg?_nc_ht=scontent-iad3-1.cdninstagram.com
https://www.instagram.com/p/Bl2RynajurS/,https://scontent-iad3-1.cdninstagram.com/vp/0265e0461f1c1963d4a683ee8b801739/5D056866/t51.2885-15/sh0.08/e35/s640x640/37975723_1748123471931466_6662740817339219968_n.jpg?_nc_ht=scontent-iad3-1.cdninstagram.com
https://www.instagram.com/p/Bl0C-QmDTOU/,https://scontent-iad3-1.cdninstagram.com/vp/1f6ba3e328de3a41466bfe945fc61e48/5D0EECB5/t51.2885-15/sh0.08/e35/s640x640/37186888_648601908841737_1490165407590383616_n.jpg?_nc_ht=scontent-iad3-1.cdninstagram.com
https://www.instagram.com/p/BlyEDexjKUh/,https://scontent-iad3-1.cdninstagram.com/vp/62dc6623e9c73645e4c0cc9c47c9de97/5D28AD34/t51.2885-15/sh0.08/e35/s640x640/37405309_546626375740552_2030038888277344256_n.jpg?_nc_ht=scontent-iad3-1.cdninstagram.com
https://www.instagram.com/p/BlvZGPZDH2N/,https://scontent-iad3-1.cdninstagram.com/vp/caf9114f2897743307f36cbd2f8ac8d2/5D08FEE9/t51.2885-15/sh0.08/e35/s640x640/37093189_433480153833045_6190693769428336640_n.jpg?_nc_ht=scontent-iad3-1.cdninstagram.com
https://www.instagram.com/p/BlvKBIPjx0_/,https://scontent-iad3-1.cdninstagram.com/vp/1b9e560337e67c6b273ad93db370f9db/5D03EDB9/t51.2885-15/sh0.08/e35/s640x640/37537613_2199753160269026_3782934308721786880_n.jpg?_nc_ht=scontent-iad3-1.cdninstagram.com
https://www.instagram.com/p/BlcVUOLD8RO/,https://scontent-iad3-1.cdninstagram.com/vp/534ab17ac16f364298889869a603f46e/5D0EBC2C/t51.2885-15/sh0.08/e35/s640x640/37069151_196393781028626_7654725061231771648_n.jpg?_nc_ht=scontent-iad3-1.cdninstagram.com
https://www.instagram.com/p/BlSkVT_jjzc/,https://scontent-iad3-1.cdninstagram.com/vp/35b6ef989e57e24ebf9edb272acf8946/5D1C939D/t51.2885-15/sh0.08/e35/s640x640/36962826_636098176754620_1439411276542377984_n.jpg?_nc_ht=scontent-iad3-1.cdninstagram.com
https://www.instagram.com/p/BlPut13DYCe/,https://scontent-iad3-1.cdninstagram.com/vp/5f97b9c8f6f453f511739002e7bbc6d4/5D072988/t51.2885-15/sh0.08/e35/s640x640/36625774_1022765481237886_5098250227597443072_n.jpg?_nc_ht=scontent-iad3-1.cdninstagram.com
https://www.instagram.com/p/BlOFMPujcYG/,https://scontent-iad3-1.cdninstagram.com/vp/0780e7aeccd798118215702458d65f8a/5D0A4879/t51.2885-15/sh0.08/e35/s640x640/36875187_1462669210545525_528109238845702144_n.jpg?_nc_ht=scontent-iad3-1.cdninstagram.com
https://www.instagram.com/p/BlNH3jzgYmL/,https://scontent-iad3-1.cdninstagram.com/vp/e6c147e05604c846290d767ad830358c/5C79CFFB/t51.2885-15/e35/36777805_2091098204264866_5708283175885602816_n.jpg?_nc_ht=scontent-iad3-1.cdninstagram.com
https://www.instagram.com/p/BlF59fjj_8p/,https://scontent-iad3-1.cdninstagram.com/vp/6be1a7eb33619547146e3aca6e099cc7/5D238797/t51.2885-15/sh0.08/e35/s640x640/36086383_771833066540859_5155841478429245440_n.jpg?_nc_ht=scontent-iad3-1.cdninstagram.com
https://www.instagram.com/p/BlBGOBJD7-J/,https://scontent-iad3-1.cdninstagram.com/vp/e2bcc05ce9c3bef7cd33eb67e1def124/5D11F849/t51.2885-15/sh0.08/e35/c143.0.794.794/s640x640/36160787_243804676414301_1436550287157362688_n.jpg?_nc_ht=scontent-iad3-1.cdninstagram.com
https://www.instagram.com/p/Bk2pju3jnvn/,https://scontent-iad3-1.cdninstagram.com/vp/d9171a84d1db476b2670cceb71916a5f/5D031DD3/t51.2885-15/sh0.08/e35/c108.0.801.801/s640x640/35928246_196149611082650_4100793293426655232_n.jpg?_nc_ht=scontent-iad3-1.cdninstagram.com
https://www.instagram.com/p/BkkDSVPjiSH/,https://scontent-iad3-1.cdninstagram.com/vp/9b68d1858ed78ba689bce06e6be766a9/5D1ED6EC/t51.2885-15/sh0.08/e35/s640x640/35542503_222651481792987_8469499023210840064_n.jpg?_nc_ht=scontent-iad3-1.cdninstagram.com
https://www.instagram.com/p/Bkf7Ug7De1r/,https://scontent-iad3-1.cdninstagram.com/vp/9a9da1ebc37c52f03127482d66ee4076/5D0FAA4D/t51.2885-15/sh0.08/e35/s640x640/35156143_239324553537967_381510387146686464_n.jpg?_nc_ht=scontent-iad3-1.cdninstagram.com
https://www.instagram.com/p/Bkamie8jirT/,https://scontent-iad3-1.cdninstagram.com/vp/2af12211ed259f08b16b029540a45096/5D0ADC5A/t51.2885-15/sh0.08/e35/s640x640/36159983_661816570821727_6726635194670907392_n.jpg?_nc_ht=scontent-iad3-1.cdninstagram.com
https://www.instagram.com/p/BkZ3bzpjkIT/,https://scontent-iad3-1.cdninstagram.com/vp/2284f0cb1f8ad2987e61ab28555907d1/5D0460F6/t51.2885-15/sh0.08/e35/s640x640/35575358_256651495106030_2218846213250220032_n.jpg?_nc_ht=scontent-iad3-1.cdninstagram.com
https://www.instagram.com/p/BkYZZP6DCgv/,https://scontent-iad3-1.cdninstagram.com/vp/0c5af586063dc58b56ef958acfbe1c36/5D1F5B45/t51.2885-15/sh0.08/e35/s640x640/35000604_131029011040600_5683334307863592960_n.jpg?_nc_ht=scontent-iad3-1.cdninstagram.com
https://www.instagram.com/p/BkXoo-JDPb3/,https://scontent-iad3-1.cdninstagram.com/vp/22da53d67ce932c65d7c94100d96b49d/5D2706CC/t51.2885-15/sh0.08/e35/s640x640/35173452_146632606211346_3519244233238118400_n.jpg?_nc_ht=scontent-iad3-1.cdninstagram.com
https://www.instagram.com/p/BkXEZFvD7XD/,https://scontent-iad3-1.cdninstagram.com/vp/b967cb1eb4eb9777a70f1feb3202fc7b/5D24AE2B/t51.2885-15/e35/35001033_1199680403506090_7772842258214158336_n.jpg?_nc_ht=scontent-iad3-1.cdninstagram.com
https://www.instagram.com/p/BkSyHD8j5wi/,https://scontent-iad3-1.cdninstagram.com/vp/f32ef7cf5504943314786387e2c41142/5D16401E/t51.2885-15/sh0.08/e35/s640x640/34555422_183706459141098_2412774913061421056_n.jpg?_nc_ht=scontent-iad3-1.cdninstagram.com
https://www.instagram.com/p/BkKZc0GD6Pr/,https://scontent-iad3-1.cdninstagram.com/vp/bff3b4b21d16d754ef679149eac5b657/5D1EA842/t51.2885-15/sh0.08/e35/s640x640/34453654_650012535347919_2146352753046192128_n.jpg?_nc_ht=scontent-iad3-1.cdninstagram.com
https://www.instagram.com/p/BkCavahDqFq/,https://scontent-iad3-1.cdninstagram.com/vp/87230f5e18126a3f71df5178cfdfb845/5D0F9978/t51.2885-15/e35/c223.0.634.634/33645785_242186176553731_3987774570516971520_n.jpg?_nc_ht=scontent-iad3-1.cdninstagram.com
https://www.instagram.com/p/Bj7U6H8DMiI/,https://scontent-iad3-1.cdninstagram.com/vp/bbc03cb7a163ce2f17c153a5b935bf3c/5D158099/t51.2885-15/e35/c247.0.542.542/33375357_1935695316721881_1002217596180758528_n.jpg?_nc_ht=scontent-iad3-1.cdninstagram.com
https://www.instagram.com/p/Bj49ovlD-8H/,https://scontent-iad3-1.cdninstagram.com/vp/16864e27df05b66118870c6da47713c5/5D17878C/t51.2885-15/sh0.08/e35/c180.0.720.720/s640x640/33477629_195706381150901_6839747758321041408_n.jpg?_nc_ht=scontent-iad3-1.cdninstagram.com
https://www.instagram.com/p/BjjhCUrDtCc/,https://scontent-iad3-1.cdninstagram.com/vp/870b4bc52ab14e70c2f1b230f9ea1583/5D1A3D0E/t51.2885-15/sh0.08/e35/s640x640/32919079_167534460589947_2113923241700491264_n.jpg?_nc_ht=scontent-iad3-1.cdninstagram.com
https://www.instagram.com/p/BjiVRqgDelB/,https://scontent-iad3-1.cdninstagram.com/vp/57bf43ca23b06a9bd6bf85634b043e8d/5D1EF0DA/t51.2885-15/sh0.08/e35/s640x640/33120622_907910242734546_378832947484033024_n.jpg?_nc_ht=scontent-iad3-1.cdninstagram.com
https://www.instagram.com/p/BjhgfG-jCdo/,https://scontent-iad3-1.cdninstagram.com/vp/3b78d183265c7feec7f1bfaaaae72d5c/5D233DA5/t51.2885-15/e35/33545968_257565524982476_7815601402129940480_n.jpg?_nc_ht=scontent-iad3-1.cdninstagram.com
https://www.instagram.com/p/BjfSTEWnrHE/,https://scontent-iad3-1.cdninstagram.com/vp/82eca03e797259992be0248f6f8e99d8/5D04D598/t51.2885-15/sh0.08/e35/s640x640/32904045_2060994244188917_3134181049144180736_n.jpg?_nc_ht=scontent-iad3-1.cdninstagram.com
https://www.instagram.com/p/BjADYDBBq8o/,https://scontent-iad3-1.cdninstagram.com/vp/b6ff8f34446126307e2f1d5a45871a08/5D20EE9C/t51.2885-15/sh0.08/e35/s640x640/32178408_210514362884274_8456096440324718592_n.jpg?_nc_ht=scontent-iad3-1.cdninstagram.com
https://www.instagram.com/p/Bi9m6IuhBXd/,https://scontent-iad3-1.cdninstagram.com/vp/260e1288556c0a06bd7e845a160af602/5D1286A4/t51.2885-15/sh0.08/e35/s640x640/31898702_249098582319252_7310324982523887616_n.jpg?_nc_ht=scontent-iad3-1.cdninstagram.com
https://www.instagram.com/p/Bi9Gx4vh-X6/,https://scontent-iad3-1.cdninstagram.com/vp/1856b176718e94bd9f52252fde74cf61/5D2506C5/t51.2885-15/sh0.08/e35/s640x640/32256488_244413966116036_9077893269676883968_n.jpg?_nc_ht=scontent-iad3-1.cdninstagram.com
https://www.instagram.com/p/Bi7VBbyB2L7/,https://scontent-iad3-1.cdninstagram.com/vp/d513ac0cee44fdee1aeeaf33ab7a3e1a/5D22BCE6/t51.2885-15/sh0.08/e35/s640x640/32272251_121562748719044_1150951815425032192_n.jpg?_nc_ht=scontent-iad3-1.cdninstagram.com
https://www.instagram.com/p/Bi6_0n1hQeR/,https://scontent-iad3-1.cdninstagram.com/vp/6d2aa0b14564f28d2abe007c82e12fb5/5D0DA242/t51.2885-15/sh0.08/e35/s640x640/31745599_184248802226696_7128564367443886080_n.jpg?_nc_ht=scontent-iad3-1.cdninstagram.com
https://www.instagram.com/p/Bi4Phgvh7s8/,https://scontent-iad3-1.cdninstagram.com/vp/109594867430f3e9b19ef4e777f962af/5D03457C/t51.2885-15/sh0.08/e35/s640x640/32145110_187321388583602_2820206626135343104_n.jpg?_nc_ht=scontent-iad3-1.cdninstagram.com
https://www.instagram.com/p/BitarS-h7m9/,https://scontent-iad3-1.cdninstagram.com/vp/87b01eddc86ceed519b88644810e96da/5D27814D/t51.2885-15/sh0.08/e35/s640x640/31997938_247172702524980_7467813105326620672_n.jpg?_nc_ht=scontent-iad3-1.cdninstagram.com
https://www.instagram.com/p/BipBDgqh3kN/,https://scontent-iad3-1.cdninstagram.com/vp/4bf348287efbc66e525d23c981c8b063/5D1F1228/t51.2885-15/sh0.08/e35/s640x640/31310700_621726344847880_6450556818597871616_n.jpg?_nc_ht=scontent-iad3-1.cdninstagram.com
https://www.instagram.com/p/BijNehrhAbJ/,https://scontent-iad3-1.cdninstagram.com/vp/615ec377b8fe352aad3f21d793447823/5D098ED8/t51.2885-15/sh0.08/e35/s640x640/31557061_597444613955310_1580253008048947200_n.jpg?_nc_ht=scontent-iad3-1.cdninstagram.com
https://www.instagram.com/p/BibgwISAv3M/,https://scontent-iad3-1.cdninstagram.com/vp/70bbb192aa0fa35b952cfbb135ffec40/5D050DBF/t51.2885-15/sh0.08/e35/c47.0.986.986/s640x640/31738663_1924527824245752_9032174326358474752_n.jpg?_nc_ht=scontent-iad3-1.cdninstagram.com
https://www.instagram.com/p/BibguXjAujp/,https://scontent-iad3-1.cdninstagram.com/vp/a6cc5fbdcfea9e98799f3b0ec8f76f30/5D1EE37D/t51.2885-15/sh0.08/e35/s640x640/31213832_103545177186612_795393884128542720_n.jpg?_nc_ht=scontent-iad3-1.cdninstagram.com
https://www.instagram.com/p/BibdUsugx3K/,https://scontent-iad3-1.cdninstagram.com/vp/002a90867314dcc33987de4fcbb07b43/5D0A1B9C/t51.2885-15/sh0.08/e35/s640x640/30946346_181029666052086_3241373197945274368_n.jpg?_nc_ht=scontent-iad3-1.cdninstagram.com
https://www.instagram.com/p/Bibc3R4gTnS/,https://scontent-iad3-1.cdninstagram.com/vp/202204f387ec3be22a6b05dd1f74dfe6/5D21968F/t51.2885-15/sh0.08/e35/c12.0.1055.1055/s640x640/31028420_1729518663792745_5335030825438150656_n.jpg?_nc_ht=scontent-iad3-1.cdninstagram.com
https://www.instagram.com/p/Bibcjivg1ZY/,https://scontent-iad3-1.cdninstagram.com/vp/c355ad181b4d7cb73b46ec6f53dc4378/5D1D80FB/t51.2885-15/sh0.08/e35/c1.0.1078.1078/s640x640/31076340_1107542312721917_4713973688238604288_n.jpg?_nc_ht=scontent-iad3-1.cdninstagram.com
https://www.instagram.com/p/BibcU-MACal/,https://scontent-iad3-1.cdninstagram.com/vp/f9bc4e5fea14e09ff9508cb350c54763/5D215897/t51.2885-15/sh0.08/e35/c1.0.1078.1078/s640x640/31229347_767774880093390_4824184241271078912_n.jpg?_nc_ht=scontent-iad3-1.cdninstagram.com
https://www.instagram.com/p/BiZZeSEgft7/,https://scontent-iad3-1.cdninstagram.com/vp/b0b1c9618a236cf0dabbbc4b08d73af3/5D1E6B87/t51.2885-15/e35/31104089_271291966745479_970860782982004736_n.jpg?_nc_ht=scontent-iad3-1.cdninstagram.com
https://www.instagram.com/p/BiY5tmgA8Ns/,https://scontent-iad3-1.cdninstagram.com/vp/0214592b41970fc48c31181cd179bba2/5D13374F/t51.2885-15/sh0.08/e35/c180.0.720.720/s640x640/30905366_237632460119215_3097750861661601792_n.jpg?_nc_ht=scontent-iad3-1.cdninstagram.com
https://www.instagram.com/p/BiXNpGhF-RC/,https://scontent-iad3-1.cdninstagram.com/vp/c6dc6a2df8b2846b5d197a4cd1de2b97/5C79E198/t51.2885-15/e35/c157.0.406.406/31310719_1240062859463988_4204857335941693440_n.jpg?_nc_ht=scontent-iad3-1.cdninstagram.com
