2019-02-27,Hey @Nissanedams fans - you'll get two chances to get an autograph and meet @Sebastien_buemi and @oliverrowland1 at the #HongKongEPrix. 1:30 on Saturday on 2:45pm on Sunday.#NissanFormulaE  #IntelligentMobility,https://www.instagram.com/p/BuZRok0lWAX/,
2019-02-26,Is it race week yet? In seven days time @nissanedams will on the way to the #HongKongEPrix. Can't wait! #NissanFormulaE  #IntelligentMobility,https://www.instagram.com/p/BuXSRFRFFmr/,
2019-02-25, More great pics of the @Nissan LEAF NISMO RC at last week's @autoshowcanada in Toronto. #IntelligentMobility,https://www.instagram.com/p/BuTwChCldyD/,
2019-02-24,What a start it was for @nissanedams racer @oliverrowland1 in Mexico City! #ABBFormulaE #racing #motorsports #driving #NissanFormulaE #IntelligentMobility,https://www.instagram.com/p/BuRLgssFrRK/,
2019-02-23,50 days to go until the opening @supergt_official round of 2019! Can't wait!#NISMOnation #OMGTR,https://www.instagram.com/p/BuO057XFebS/,
2019-02-22,"Check out the No.56 REALIZE Nissan Motor Academy GT-R!@supergt_official GT300 entry by @Nissan, Nissan Motor University & KONDO Racing #NissanMechanicChallenge.#SuperGT #NISMOnation #OMGTR",https://www.instagram.com/p/BuMXejfFM5w/,
2019-02-21,Check out @Nissanedams @oliverrowland1's amazing start at the #MexicoCityEPrix where he jumped from fourth to second at the first corner! #NissanFormulaE #IntelligentMobility,https://www.instagram.com/p/BuJ76vYFFJA/,
2019-02-21,#Repost @jannthamanTesting 1.2.3.. #135MM,https://www.instagram.com/p/BuH-jxBlHjo/,
2019-02-19,20 days until we go racing again at the #HongKongEPrix. We cant wait! #NissanFormulaE #IntelligentMobility,https://www.instagram.com/p/BuE6KLlFHFj/,
2019-02-19, Check out the @nissan LEAF NISMO RC at this weeks @cdnintlautoshow in Toronto. #IntelligentMobility,https://www.instagram.com/p/BuCyVmolt3m/,
2019-02-18,"After his breakthrough weekend in @FIAFormulaE, @Nissanedams ace @oliverrowland1 reviews yesterday's test session. #NissanFormulaE  #IntelligentMobility",https://www.instagram.com/p/BuCME3UFFUl/,
2019-02-18,Thanks again to the #MexicoCityEPrix fans. What a great event! #NissanFormulaE #IntelligentMobility,https://www.instagram.com/p/BuCLy1vlAXM/,
2019-02-18, @Sebastien_buemi reports in after yesterdays @FIAFormulaE test for @Nissanedams at @autodromohr.#NissanFormulaE  #IntelligentMobility,https://www.instagram.com/p/BuCFm2glXX7/,
2019-02-18,All the action from todays @fiaformulae test session at @autodromohr. #NissanFormulaE #IntelligentMobility,https://www.instagram.com/p/BuAYqNgljMs/,
2019-02-17,Session 1 for @autodromohr testing complete.@nissanedams will be back on track at 2:00pm local time.#NissanFormulaE #intelligentmobility,https://www.instagram.com/p/Bt_jSuNlX1h/,
2019-02-17,10m to go in the morning @fiaformulae test session for @oliverrowland1 and @sebastien_buemi. #NissanFormulaE  #IntelligentMobility,https://www.instagram.com/p/Bt_eqhFl6jH/,
2019-02-17,Testing underway at @autodromohr. @oliverrowland1 and @Sebastien_buemi at the wheel.   #IntelligentMobility #NissanFormulaE,https://www.instagram.com/p/Bt_QvqnlbIb/,
2019-02-17,Take a look at todays great images from the #MexicoCityEPrix for @nissanedams. #nissanformulae,https://www.instagram.com/p/Bt-Ok7rly8E/,
2019-02-17,We gave it everything! Were immensely proud of our guys but it wasnt our day. Were setting our sights on taking the challenge to the #HongKongEPrix. Thanks so much to the amazing fans in . #MexicoCityEPrix,https://www.instagram.com/p/Bt9mHDOlq7k/,
2019-02-16,Hey baby!@Sebastien_buemi hopefully recruiting a young fan!#NissanFormulaE #InteligentMobility #MexicoCityEPrix,https://www.instagram.com/p/Bt9S-CqFPON/,
2019-02-16,Huge battle in Super Pole. @oliverrowland1 will start PR4@sebastien_buemi will start P6The race goes green at 4:04 local time. NissanFormulaE #intelligentmobility #MexicoCityEPrix ,https://www.instagram.com/p/Bt9BawllC2s/,
2019-02-16,Check out the pics from the opening practice session for the @fiaformulae #mexicocityeprix for @nissanedams. #nissanformulae #intelligentmobility,https://www.instagram.com/p/Bt8wD_5FuUu/,
2019-02-16,Ready for practice 1 for the #MexicoCityEPrix#NissanFormulaE #IntelligentMobility,https://www.instagram.com/p/Bt8dBaflNR2/,
2019-02-16,"Busy day for @Nissanedams @Sebastien_buemi, @oliverrowland1 and @Nissan motorsport boss Michael Carcamo meeting the press in Mexico City yesterday. #NissanFormulaE #IntelligentMobility #MexicoCityEPrix",https://www.instagram.com/p/Bt8TiNNFwPh/,
2019-02-16,We're ready for action for tomorrow's @FIAFormulaE #MexicoCityEPrix. Check out all the pics from today's shakedown action..... #nissanformulae #intelligentmobility,https://www.instagram.com/p/Bt7H1fmltY7/,
2019-02-15,"Shakedown complete. @Nissanedams, @Sebastien_buemi and @oliverrowland1 are back on track at 7:30am tomorrow morning. #NissanFormulaE  #IntelligentMobility #MexicoCityEPrix",https://www.instagram.com/p/Bt61lPNFTxW/,
2019-02-15,All aboard. @oliverrowland1 and @Sebastien_buemi climb aboard ready for the #MexicoCityEPrix shakedown. #NissanFormulaE  #IntelligentMobility,https://www.instagram.com/p/Bt6wgqUlsKW/,
2019-02-15,@nissanedams is looking to mirror its amazing pace from the last round this Saturday for the #MexicoCityEPrix. #NissanFormulaE #IntelligentMobility,https://www.instagram.com/p/Bt6bsxzlFk6/,
2019-02-15, @Sebastien_buemi and @oliverrowland1 preview this weekends #MexicoCityEPrix  round four of the @FIAFormulaE championship. #NissanFormulaE #IntelligentMobility,https://www.instagram.com/p/Bt6VmqslroK/,
2019-02-15, @oliverrowland1s @Nissanedams machine off to scrutineering this morning. #NissanFormulaE #IntelligentMobility #MexicoCityEPrix ,https://www.instagram.com/p/Bt6HZlDFW0q/,
2019-02-15,We're ready for the #MexicoCityEPrix shakedown tomorrow. Check out the gallery from the Autdromo Hermanos Rodrguez today as @nissanedams prepare for @fiaformulae round four. #NissanFormulaE #IntelligentMobility,https://www.instagram.com/p/Bt4kUjhlfix/,
2019-02-14,SNEAK PEAK: You'll find out tomorrow why these guys came to visit the @nissanedams team at in Mexico for the #MexicoCityEPrix. #NissanFormulaE #IntelligentMobility,https://www.instagram.com/p/Bt4Rs4RFevl/,
2019-02-14, Good morning from the @FIAFormulaE #MexicoCityEPrix. Preparation day for @Nissanedams. #NissanFormulaE  #InteligentMobility,https://www.instagram.com/p/Bt3z7CvlDAf/,
2019-02-14, Check it out! The @Nissan LEAF NISMO RC is set to be the pace car for three @nissanmicracup races this year! #IntelligentMobility,https://www.instagram.com/p/Bt2TFOhFCfF/,
2019-02-13, Hola Mexico! The @nissanedams team has arrived for round four of the @fiaformulae championship. #mexicocityeprix #nissanformulae #intelligentmobility,https://www.instagram.com/p/Bt1QBvPlOSl/,
2019-02-12,Take a look at one of the secrets to @Sebastien_buemi's pole-winning success at the #SantiagoEPrix. We're off to Mexico this week for @FIAFormulaE round four. #NIssanFormulaE,https://www.instagram.com/p/BtzGH5cl9IM/,
2019-02-12,More great pics from Saturdays @nissan / NISMO global motorsport announcement. #SuperGT #NissanFormulaE,https://www.instagram.com/p/BtyPpl-FohQ/,
2019-02-11, #ValentinesDay is this week....Roses are redViolets are blueVote for us on #FANBOOSTAnd we'll go fast for you!Vote today at nismo.com/fanboost/seb or nismo.com/fanboost/oliver#NissanFormulaE  #MexicoCityEPrix,https://www.instagram.com/p/BtwI4OmFz7V/,
2019-02-10, Electrifying Sunday! #IntelligentMobility #NissanFormulaE,https://www.instagram.com/p/BttYJRWlKWh/,
2019-02-09,#ArigatouSatoshi. An amazing career. 183 races | 7 poles | 47 podiums | 1093 points | 16 wins | 3 Championships. Amazing @Nissan legends career was celebrated at our 2019 Global Motorsport Announcement. #NISMOnation,https://www.instagram.com/p/BtqkHeOlflg/,
2019-02-08," An amazing 20-year run. Best of luck to Bob, Liz and the entire RJN Motorsport team for the future. Thanks for the amazing memories! #NISMOnation",https://www.instagram.com/p/Btn_VBOFDeU/,
2019-02-08,#Repost @fiaformulaeBRAKING NEWS!#ABBFormulaE #Gen2 #motorsport #racing,https://www.instagram.com/p/Btmd3PXlspy/,
,,https://www.instagram.com/p/Bti1wlglUIL/,
2019-02-05,"Hello halo!  Its not who I am underneath, but how I light that defines me#ABBFormulaE #motorsports #racing",https://www.instagram.com/p/BtgnMl-FTxo/,
2019-02-04, Hey Canadian fans - this month it is your turn to check out the @Nissan LEAF NISMO RC. It will be on display at the 2019 @cdnintlautoshow in Toronto. #NissanIntelligentMobility #NissanFormulaE ,https://www.instagram.com/p/Btdr9QCFUi5/,
2019-02-03,This is the type of view we like from the back of the @nissanedams @fiaformulae machines! Next stop: #MexicoCityEPrix. #nissanformulae,https://www.instagram.com/p/BtbPzY1FIHI/,
2019-02-02,Have you seen the onboard view from the incredible @Nissan LEAF NISMO RC? #NissanIntelligentMobility #NissanFormulaE ,https://www.instagram.com/p/BtYfHnLFn8d/,
2019-02-01, @Nissanedams racer @Sebastien_buemi visited @FIAFormulaE tire supplier @michelinmotorsport this week and even got hands-on to help build race tires!,https://www.instagram.com/p/BtWh1u8lDBp/,
2019-01-30,Nissan e.dams racer @Sebastien_buemi and @Nissan global motorsports director Michael Carcamo met the South American media at the spectacular Vista Santiago last week.,https://www.instagram.com/p/BtRmrqOF2Ag/,
2019-01-29,#Repost @fiaformulaeSee just how @sebastien_buemi and Wehrlein gained and lost time in our qualifying analysis#ABBFormulaE. @nissans first @fiaformulae pole position. Courtesy of Infinity Video Systems,https://www.instagram.com/p/BtO-MvcF8WT/,
2019-01-29, Thanks fans! You've put @Sebastien_buemi into the top five in #FANBOOST for two races in a row. More power for our ace! You guys rock! #nissanformulae,https://www.instagram.com/p/BtO91nnlrT2/,
2019-01-29,We were a big deal at the #SantiagoEPrix. On pole and projected on the tallest building in Latin America! #NissanFormulaE ,https://www.instagram.com/p/BtOUHIKl0fN/,
2019-01-29, The #SantiagoEPrix was the hottest race in @FIAFormulaE history! 100 degrees F! Next up we head to Mexico on February 16.  #NissanFormulaE ,https://www.instagram.com/p/BtMvvI8g48G/,
2019-01-28,Go to NISMO.com to check out the latest @fiaformulae videos for @nissanedams from the #SantiagoEPrix. #NissanFormulaE,https://www.instagram.com/p/BtLNmHMnJYx/,
2019-01-27,Gracias Santiago. While the #SantiagoEPrix wasnt kind to us in the end - the Chilean fans certainly were. Thanks so much! We love  the Parque OHiggins track.   ,https://www.instagram.com/p/BtJC_GLHV_J/,
2019-01-27,More great pics from Saturdays #SantiagoEPrix for @nissanedams. #NissanFormulaE,https://www.instagram.com/p/BtIi076HKAj/,
2019-01-27,Our first pole and our first race leading laps in @fiaformulae. Well done @nissanedams and @sebastien_buemi. #nissanformulae,https://www.instagram.com/p/BtH2r2BHuxE/,
2019-01-26,Pole sitter @Sebastien_buemi is joined on the #SantiagoEPrix grid by British singer and actress @RitaOra. #NissanFormulaE ,https://www.instagram.com/p/BtG9SrzH8on/,
2019-01-26,"Check out the all the pics from practice and qualifying for the #SantiagoEPrix for @Nissanedams, @Sebastien_buemi & @oliverrowland. #nissanformulae",https://www.instagram.com/p/BtG2aRXnTLY/,
2019-01-26,Practice complete at the #santiagoeprix. Qualifying up next for @nissanedams drivers @sebastien_buemi and @oliverrowland1 at 12noon. #NissanFormulaE,https://www.instagram.com/p/BtGbLlTnZxf/,
2019-01-26,Its race day at the #santiagoeprix. @nissanedams is ready to roll for the first practice. Watch the @nissan team live on NISMO.com. #nissanformulae,https://www.instagram.com/p/BtGEfUUHPK_/,
2019-01-26,The @Nissanedams Formula E team have been exploring the amazing city of Santiago aboard the all-electric @Nissan LEAF while in town for the #SantiagoEprix. #NissanFormulaE ,https://www.instagram.com/p/BtF89eQHQvI/,
2019-01-25,The #FANBOOST competition is stepping up a notch in the @Nissanedams garage! Tweet #FANBOOST and #OliverRowand or #SebastienBuemi or vote at nismo.com/fanboost/oliver or nismo.com/fanboost/seb #nissanformulae #santiagoeprix,https://www.instagram.com/p/BtEue4ZnHYH/,
2019-01-25,Shakedown complete for @Nissanedams racers @Sebastien_buemi and @oliverrowland1. Now setting our sights on tomorrow mornings first practice at 8:00am #SantiagoEPrix #NissanFormulaE ,https://www.instagram.com/p/BtEYR7aHN6Q/,
2019-01-25,Getting ready for the #SantiagoEPrix shakedown. @Sebastien_buemi and @oliverrowland1 heading out. Track temp is 37.8c  #NissanFormulaE ,https://www.instagram.com/p/BtESRiZHNSa/,
2019-01-25,Its getting pretty competitive between @Sebastien_buemi and @oliverrowland1 for #FANBOOST. Tweet #FANBOOST and #SebastienBuemi or #OliverRowland. Or vote at nismo.com/fanboost/seb or nismo.com/fanboost/oliver,https://www.instagram.com/p/BtEDR0QnndY/,
2019-01-25,Check out the @Nissan e.dams @FIAFormulaE car projected tonight on the Gran Torre Santiago - the tallest building in Latin America! #NissanFormulaE  @NissanLATAM @Nissanedams,https://www.instagram.com/p/BtCvV9qnCyN/,
2019-01-24,How big is @Nissan e.dams at the #SantiagoEPrix? So huge the car will be projected on the second tallest building in the Southern Hemisphere tonight - the Gran Torre Santiago. #NissanFormulaE @nissanlatam @nissanedams,https://www.instagram.com/p/BtCO4JYnSmK/,
2019-01-24, Hello Santiago! Check out what @Nissan e.dams racer @Sebastien_buemi had to say about this weekend's @FIAFormulaE #SantiagoEPrix,https://www.instagram.com/p/BtBuq2BnvKy/,
2019-01-24,  Happy birthday!Our test and reserve driver @mitsutakax32 turns 26 today! #NissanFormulaE,https://www.instagram.com/p/BtBucfYnuAP/,
2019-01-23,Welcome to . Have you voted today for #SebastienBuemi in #FANBOOST for the #SantiagoEPrix? Were ready for @FIAFormulaE round three.Vote at: NISMO.com/fanboost/seb,https://www.instagram.com/p/Bs_Zad4n9td/,
2019-01-23,We're used to seeing some fancy footwork on the pedals from @Nissan driver @sebastien_buemi but this week we'll show you so much more. #NissanFormulaE #DancingShoes #Salsa @nissanedams,https://www.instagram.com/p/Bs_PBW0nkqT/,
2019-01-23,What did @Sebastien_buemi look like 10 years ago? In 2009 the @Nissan / @Nissanedams driver was about to make his Formula 1 debut. #NissanFormulaE  #10YearChallenge,https://www.instagram.com/p/Bs-5ANdnp6J/,
2019-01-22,Check out @oliverrowland1's #10YearChallenge. In 2009 the @Nissan / @nissanedams driver was a karting ace who was one year away from making his car racing debut. #NissanFormulaE,https://www.instagram.com/p/Bs8j3EhHZBK/,
2019-01-21, You can support @Nissan / @Nissanedams racer @oliverrowland1 in this week's #SantiagoEPrix by voting for him on #FANBOOST. Tweet with the hashtags #FANBOOST and #OliverRowland or vote at nismo.com/fanboost/oliver,https://www.instagram.com/p/Bs6cpELnVU3/,
,,https://www.instagram.com/p/Bs6O7HpHpk5/,
2019-01-21, It's #SantiagoEPrix race week for @Nissan / @Nissanedams. Fans gave @Sebastien_buemi help in round two by voting him into the #FANBOOST top five. Vote today at: nismo.com/fanboost/seb,https://www.instagram.com/p/Bs6NFnaHrg_/,
,,https://www.instagram.com/p/Bs3bfiUn_84/,
2019-01-19, 7 days to go! Were heading to Chile for the #SantiagoEPrix. #NissanFormulaE,https://www.instagram.com/p/Bs0UDubniGa/,
2019-01-18," #MarrakeshEPrix, #tokyoAutosalon, #NAIAS/#NAIASDetroit and then #SantiagoEPrix - we're taking the #NissanFormulaE machines around the world. A busy couple of weeks for @nissan / @nissanedams.",https://www.instagram.com/p/Bsx78TAHu92/,
2019-01-17," Behold the @Nissan IMs concept, setting the design direction for future Nissan electric vehicles. #NissanNAIAS #NAIAS",https://www.instagram.com/p/BsvgvUslBnl/,
2019-01-16," Behold the @Nissan IMs concept, setting the design direction for future Nissan electric vehicles. #NissanNAIAS #NAIAS",https://www.instagram.com/p/BstS_HTH4no/,
2019-01-16, Front and center. Check out the @Nissan / @Nissanedams @FIAFormulaE car at @naiasdetroit. #NissanFormulaE #naias,https://www.instagram.com/p/BsscDv6nACx/,
2019-01-15,"We've just had the #MarrakeshEPrix - next week we have the #SantiagoEPrix. But if you can't wait to see the @nissan / @nissanedams car, check it out at the @naiasdetroit.",https://www.instagram.com/p/BspZWlEHf48/,
2019-01-13, Impressive efforts from @Jannthaman & @mitsutakax32 today in the @FIAFormulaE rookie test in Marrakesh. Both took advantage of what we learned yesterday - and raised the bar further! Well done! #NissanFormulaE ,https://www.instagram.com/p/BslmD-LHwjX/,
2019-01-13, @mitsutakax32 in action aboard the @Nissan / @Nissanedams @FIAFormulaE car at todays #MarrakeshEPrix rookie test. #NissanFormulaE ,https://www.instagram.com/p/Bskr0CWH_sK/,
2019-01-13, @Nissan / @Nissanedams rookie @Jannthaman in action at the #MarrakeshEPrix rookie test. #NissanFormulaE ,https://www.instagram.com/p/BsklKxGHe_w/,
2019-01-12,"We had the speed, but not the luck in #MarrakeshEPrix. Check out the wrap from @Nissan / @Nissanedams day in round two of the @FIAFormulaE championship. #NissanFormulaE",https://www.instagram.com/p/BsjLQuZn-tW/,
2019-01-12,Things looked good for @sebastien_buemi at this stage until he had a spinning car blocking his oath and forcing him wide. Great fight back to P8. Next stop:#SantiagoEPrix,https://www.instagram.com/p/Bsiq8iHnY8v/,
,,https://www.instagram.com/p/BsiOAHinWj5/,
2019-01-12, @Sebastien_buemi and @oliverrowland1 are ready to pounce for @Nissan / @Nissanedams in todays @FIAFormulaE #MarrakeshEPrix. #NissanFormulaE,https://www.instagram.com/p/Bsh2RJ1Hw9b/,
2019-01-11,Todays shakedown action for @nissan / @nissanedams racer @oliverrowland1. He and @sebastien_buemi will be back on track at 8:00am tomorrow. #NissanFormulaE #marrakesheprix,https://www.instagram.com/p/BsgZNqmnWpg/,
2019-01-11, @sebastien_buemi in action in todays #marrakesheprix shakedown for @nissan / @nissanedams. #nissanformulae,https://www.instagram.com/p/BsgOrpNHhZt/,
2019-01-11,Back on track. @sebastien_buemi climbs back on board the No.23 @nissan / @nissanedams @fiaformulae machine. #nissanformulae #marrakesheprix,https://www.instagram.com/p/Bsf5iisngDN/,
2019-01-11,"He was the best performing rookie at the opening round, now you can help @Nissan / @Nissanedams racer @oliverrowland1 at the #MarrakeshEprix with #FANBOOST.Vote now at NISMO.com/fanboost/oliver #NissanFormulaE",https://www.instagram.com/p/BsfmiA_nDgT/,
2019-01-11," @nissanedams multi-skilled drivers @Sebastien_buemi & @oliverrowland1 - can drive, cook & 1 of them can even juggle! Watch the full video in today's shakedown live stream on NISMO.com. #MarrakeshEPrix #NissanFormulaE ",https://www.instagram.com/p/BsfcY4Ln59b/,
2019-01-11,"- So we're ready for action at the #MarrakeshEPrix, but you can also catch the @Nissanedams @FIAFormulaE machine on the @Nissan stand at the #tokyoautosalon show. #TAS2019 #NissanFormulaE",https://www.instagram.com/p/BsfVbDIHGkT/,
2019-01-10,How can you help @nissan driver @sebastien_buemi in the #marrakesheprix? Vote now at NISMO.com/fanboost/seb,https://www.instagram.com/p/Bsd2fkVHiXb/,
2019-01-10,Ready for the shakedown tomorrow at the #MarrakeshEPrix. @Nissan racers @Sebastien_buemi & @oliverrowland1 will be on track for @nissanedams at 3:00pm. #nissanformulae,https://www.instagram.com/p/BsdzOtDnnvi/,
2019-01-10,Show your support for @oliverrowland1 and the @nissanedams team for the #MarrakeshEprix. Fan-powered extra speed! Tweet the hashtags #FANBOOST and #OliverRowland Vote at: nismo.com/fanboost/oliver  Use the Formula E app,https://www.instagram.com/p/BsdY8A6Hh2T/,
2019-01-10,We know they can drive - but how are @Nissan's @Sebastien_buemi and @oliverrowland1 in the kitchen? Check out our @Nissanedams aces as Moroccan master chefs. #nissanformulae #marrakesheprix,https://www.instagram.com/p/BsdRsqLHfqf/,
2019-01-10,He impressed in the opening round and now @Nissanedams racer @oliverrowland1 has his sights on another strong performance for @Nissan at the #MarrakeshEprix. #NIssanFormulaE ,https://www.instagram.com/p/Bsc4VU9ndo7/,
2019-01-10,You can help @Sebastien_buemi and the @Nissanedams team this Saturday at the #MarrakeshEprix. Your @Nissan vote counts. Tweet the hashtags #FANBOOST and #SebastienBuemi Vote at: fanboost.fiaformulae.com Use the Formula E app,https://www.instagram.com/p/Bsc03tNnjZS/,
2019-01-09, What happens in Vegas - actually won't stay in Vegas for long! The @Nissan #LEAF RC is doubling down on power and torque output compared its predecessor. Check it out at @CES.,https://www.instagram.com/p/Bsbls2QndW-/,
2019-01-09, @Nissanedams have arrived in Morocco for the #MarrakeshEprix. Tweet with the hashtags #FANBOOST and #oliverrowland or #sebastienbuemi to help the @Nissan racers on Saturday.,https://www.instagram.com/p/BsaxZGoHda5/,
2019-01-08,"Help the @nissanedams team at the #MarrakeshEPrix by voting for @sebastien_buemi or @oliverrowland1. Tweet with the hashtags #FANBOOST and #SebastienBuemi or #OliverRowland, vote online at fanboost.fiaformulae.com or use the @fiaformulae app. #nissanformulae",https://www.instagram.com/p/BsY0YJjHlvk/,
2019-01-08,Former @Nissan @GTAcademy winner & @supergt_official ace @Jannthaman will take part in Sunday's @FIAFormulaE rookie test with @mitsutakax32 for @nissanedams. #NissanFormulaE,https://www.instagram.com/p/BsYe3ftHX0J/,
2019-01-08,@Nissan's @Sebastien_buemi explains how attack mode works in @FIAFormulaE. He and @oliverrowland1 will get to put it to use this Saturday for @Nissanedams in the #MarrakeshePrix #NissanFormulaE,https://www.instagram.com/p/BsYCN1IH5b3/,
2019-01-08,The @Nissanedams team is ready for round two of the @FIAFormulaE championship as the electric street racing championship heads to Morocco for the #MarrakeshePrix. Click the link in our profile to find out more...,https://www.instagram.com/p/BsXcP-pn78a/,
2019-01-07,Who is excited about @Nissan doing battle at the #MarrakeshEprix this week? We know our @Nissanedams test & reserve driver @mitsutakax32 can't wait for Sunday's rookie test day.,https://www.instagram.com/p/BsWCgdHn8Zv/,
2019-01-06,Allow me to reintroduce myself.  #SkylineSunday #R31 #NissanSkyline #Skyline : @themagicspoolbus : @rawloo,https://www.instagram.com/p/BsT7eWdHw5P/,
2019-01-06,This time next week @Nissan's @Jannthaman will join @mitsutakax32 at the @FIAFormulaE rookie test for @Nissanedams. #NissanFormulaE ,https://www.instagram.com/p/BsS6j53nKie/,
2019-01-05,Saturday stylings. #R35 #OMGTR #NissanGTR : @pjdmedia_ : @stevenjackson,https://www.instagram.com/p/BsRDwOxH8TG/,
2019-01-05, One week to go! Just seven days until we're ready to do battle at the #MarrakeshEPrix. Excited to bring the @Nissan e.dams team to Morocco. #nissanformulae ,https://www.instagram.com/p/BsQSRg1HkoT/,
2019-01-05, @Nissan e.dams test and reserve driver @mitsutakax32 will be in action next week at the @FIAFormulaE rookie test day in Marrakesh. #MarrakeshEPrix #NissanFormulaE,https://www.instagram.com/p/BsPN90ynpLa/,
2019-01-04,You haven't aged a bit. #Datsun #240Z #FairLadyZ : @themagicspoolbus : @gadisaur,https://www.instagram.com/p/BsNhcs1HEgI/,
2019-01-03,Have you seen the @Nissan LEAF NISMO RC in action? An electric race car with more than double the maximum power and torque output of its predecessor! #NissanFormulaE,https://www.instagram.com/p/BsL_SYuHuGt/,
2019-01-03,Backroads... #R35 #OMGTR #NissanGTR : @m.kbka : @miss.turbiene,https://www.instagram.com/p/BsLfH2inxgr/,
2019-01-03,Happy birthday to our @gtacademy ace @rsanchezgp. ,https://www.instagram.com/p/BsJ1lSiHrZe/,
2019-01-02,Charged up and ready for more electric street racing next week at the #MarrakeshEprix. #NissanFormulaE,https://www.instagram.com/p/BsJR5SDHorF/,
2019-01-01,Fired up for the year ahead.  #OMGTR #NissanGTR #R35 : @whiteghost_gtr : @woyshnis.media,https://www.instagram.com/p/BsGp4lPHoi5/,
2018-12-31,2018 has been an incredible year. Thanks so much to all our #NISMOnation fans. New Year's Eve brings us one day closer to getting back on track at the #MarrakeshEPrix. #NissanFormulaE,https://www.instagram.com/p/BsD4wfPn8zM/,
2018-12-31,"All about the drive, all the time. #SkylineSunday #OMGTR #R32 #NissanGTR : @amp_media_denver : @garbear_morse",https://www.instagram.com/p/BsCEcz5Hnrs/,
2018-12-30,Eyes on the prize. @sebastien_buemi and @oliverrowland1 will be back on track for @nissan e.dams in less than two weeks for the #marrakesheprix. #nissanformulae,https://www.instagram.com/p/BsBNljQHmod/,
2018-12-29,Heading into the last weekend of #2018.  #R35 #NissanGTR #OMGTR : @pjdmedia_ : @diplomatrentals,https://www.instagram.com/p/Br-_rR6n9Jm/,
2018-12-29,Two weeks to go. The @Nissan e.dams team is excited about the #MarrakeshEprix #NissanFormulaE ,https://www.instagram.com/p/Br-lzXLnl8F/,
2018-12-28,Follow our trail.  #FridayFeeling #OMGTR #R35 #NissanGTR : @twentythreeninteen : @dannyp1818,https://www.instagram.com/p/Br8GL8VHgt7/,
2018-12-28, Take a look back at the pics from the opening round of the @FIAFormulaE championship for @Nissan e.dams. Click the link in our profile for more pics. #NissanFormulaE,https://www.instagram.com/p/Br72dnRnQsh/,
2018-12-27,Starstruck  #NissanDatsun #Nissan #Datsun : @lefthandignition : @richy_contreras,https://www.instagram.com/p/Br5a5bJHMCg/,
2018-12-26,All was calm. All was bright. #HappyHolidays #NissanLEAF #SimplyAmazing,https://www.instagram.com/p/Br3TrG_nQLk/,
2018-12-26,#HappyHolidays to all. Time to jump on the throttle and get back to work. Next stop: #MarrakeshEPrix. #NissanFormulaE,https://www.instagram.com/p/Br2-6s6HnyK/,
2018-12-25,"It's been a dream come true for our @Nissan drivers, @Jannthaman, @quintarelli.ronnie and @chiyokatsumasa , to represent NISMO in the @supergt_official series. Check out the full @PlayStation #GTSport Episode 10  PRIDE: on NISMO.tv and NISMO.com",https://www.instagram.com/p/Br0-Rm4H6xV/,
2018-12-25,Driving in a winter wonderland.  #OMGTR #R35 #NissanGTR #HappyHolidays  &: @ruinedgtr,https://www.instagram.com/p/Brz9MDmHnUu/,
2018-12-24,Santas new ride!  #NissanRogueWarrior #HappyHolidays,https://www.instagram.com/p/BryNvv5HR76/,
2018-12-24,Oh what fun it is to ride...  #OMGTR #NissanGTR #R35 : @carswithluke,https://www.instagram.com/p/BrxVpbhHmH-/,
2018-12-23,The @Nissan #GTSport gamers visited Polyphony Digital on their trip to #NISMOfest18 where they learned about the immense effort that goes into creating @PlayStation @thegranturismo.  Check out the full @PlayStation #GTSport Episode 10  PRIDE on NISMO.tv and NISMO.com,https://www.instagram.com/p/BrvL4hGn6FY/,
,,https://www.instagram.com/p/BruzPByniPy/,
2018-12-22,Our @Nissan #GTSport gamers have a lot to be proud of. @Jannthaman knows the feeling of being one of the fastest gamers out there and getting to represent @Nissan.  Check out the full @PlayStation #GTSport Episode 10  PRIDE on NISMO.tv and NISMO.com,https://www.instagram.com/p/Brsv5QtH2Hl/,
2018-12-22, 3 weeks and counting until the #MarrakeshEprix. #NissanFormulaE,https://www.instagram.com/p/BrsrJZMH-dO/,
2018-12-22,Backing into the Holiday weekend.  #R35 #OMGTR #NissanGTR : @rl.png : @kristi_pela,https://www.instagram.com/p/BrrZingnL81/,
2018-12-21,Representing @Nissan in the No. 12 Calsonic Impul @supergt_official car is what makes @Jannthaman proud.  Check out the full @PlayStation #GTSport Episode 10  PRIDE on NISMO.tv and NISMO.com,https://www.instagram.com/p/BrqwukJHwGN/,
2018-12-21,Here's to hoping your #Friday commute looks a little like this... #R35 #NissanGTR #OMGTR : @devreezy : @blazn_gtr,https://www.instagram.com/p/BrqgVXHHB47/,
2018-12-21,Hey @fiaformulae. Wed have to agree with that.  #Repost @fiaformulaeWas @oliverrowland1 the most impressive rookie in Ad Diriyah?  #ABBFormulaE #racing #motorsport,https://www.instagram.com/p/BrqMfICH_rC/,
2018-12-21,"Equipped with dual electric motors, all-wheel drive and an aggressive exterior styling, the all-new #NissanLEAF #NISMO RC delivers raw power and performance. #FutureFriday #IntelligentMobility",https://www.instagram.com/p/Brp2pQEHnVx/,
2018-12-21,Threading the needle! #nissanformulae #formulae,https://www.instagram.com/p/BroV9sHnX9N/,
2018-12-19,#Repost @nissanReady  #R35 #OMGTR #NissanGTR &: @Rpjeweler,https://www.instagram.com/p/BrlJHLGn_78/,
2018-12-19,Take a look back at @Nissan e.dams @fiaformulae race debut. Were now counting down the days until the #marrakesheprix #nissanformulae,https://www.instagram.com/p/Brk9sDxndEq/,
2018-12-18,As perfect as they come.  #TueZday #370Z #Nissan370Z #Zociety : @iamboostman : @thegabrielsantana,https://www.instagram.com/p/Brh9eESnpwn/,
2018-12-17,ICYMI check out photos from the @nissanedams team debut at the #addiriyaheprix. You can see even more @nissan @fiaformulae photos on NISMO.com.,https://www.instagram.com/p/Brf-iBbnvDM/,
2018-12-16,Huge weekend for @Nissan e.dams @fiaformulae debut. Almost as big as our billboard! #NissanFormulaE,https://www.instagram.com/p/BrdrdJYnvs-/,
2018-12-16,A great day's testing to wrap up @Nissan e.dams @FIAFormulaE debut weekend. Check out all the action.,https://www.instagram.com/p/BrdKA0jHqYa/,
2018-12-16,Another great @fiaformulae day on track for @Nissan e.dams. @oliverrowland1 finishes the test P3 and @sebastien_buemi completed more laps than any of the other full-season drivers. Next stop: #MarrakeshEPrix,https://www.instagram.com/p/Brc4HOZnNlJ/,
2018-12-16,An amazing start to the season for our @nissanedams rookie @oliverrowland1. He finished 7th at the #addiriyaheprix!,https://www.instagram.com/p/BrbW0fQHnx7/,
2018-12-15,P6 for @sebastien_buemi in the @nissanedams teams @fiaformulae debut. A great day at the #addiriyaheprix.,https://www.instagram.com/p/Bra21a3nBsO/,
2018-12-15,Are you fast enough. Do you think your could challenge @Sebastien_buemi or @oliverrowland1 on the @FIAFormulaE simulators? #NissanFormulaE ,https://www.instagram.com/p/BrZ-0M6HgXQ/,
2018-12-15,Ready to go racing at the #AdDiriyahEPrix. Check out the pics from qualifying. #NissanFormulaE,https://www.instagram.com/p/BrZ_alQndLT/,
2018-12-15,The erace fastest qualifier with @FIAFormulaEs EJ. @oliverrowland1 will take on the fans next on the Formula E simulators after the autograph session. #NissanFormulaE ,https://www.instagram.com/p/BrZ5169HXQG/,
2018-12-15,Two groups for qualifying about to kick off. 11 drivers in each. Revised format due to the weather. @Sebastien_buemi in group 1. @oliverrowland1 in group 2.,https://www.instagram.com/p/BrZrrYmnVeN/,
2018-12-15,"We're ready for the @Nissan e.dams race debut today. Months of preparation, hard work and dedication will hit the track in the @FIAFormulaE championship. #NissanFormulaE ",https://www.instagram.com/p/BrZdlOhnsio/,
2018-12-15, Meet Swiss cyclist Gilles Pillonel and Belgian Francois Loncke who traveled thousands of miles by bicycle from Shanghai to meet @Nissanedams racer @Sebastien_buemi at the @FIAFormulaE opening round.,https://www.instagram.com/p/BrZPUvSHPtj/,
2018-12-15, What an awesome debut. @oliverrowland1 scored P1 in @FIAFormulaE e-race qualifying. Great work by the @Nissanedams rookie! #NissanFormulaE,https://www.instagram.com/p/BrZGY2mneoU/,
,,https://www.instagram.com/p/BrY_oCOH4fV/,
2018-12-14,Great shots from Fridays @fiaformulae shakedown for @nissanedams drivers @sebastien_buemi and @oliverrowland1. #nissanformulae,https://www.instagram.com/p/BrYmpClHoYb/,
2018-12-14,Preparations underway with @sebastien_buemi and @oliverrowland1 on the track walk with the @nissanedams engineering team. #NissanFormulaE,https://www.instagram.com/p/BrXZO3_nWmk/,
2018-12-13,The @nissanedams team is on site for round 1 of the @FIAFormulaE championship. We've got lots more great images and video to come from our exciting series debut this weekend. #NissanFormulaE ,https://www.instagram.com/p/BrUz0OXHFTw/,
2018-12-12,We're ready to go racing in @FIAFormulaE this weekend but our @nissanedams machine is not our only super-fast electric racer - check out the @Nissan LEAF NISMO RC.,https://www.instagram.com/p/BrTXF3In3b7/,
2018-12-12, Get to know our @Nissan e.dams @fiaformulae rookie @oliverrowland1! He's ready to get to work this weekend for the #AdDiriyahEPrix.,https://www.instagram.com/p/BrS21XQHrH7/,
2018-12-12,#WheelWednesday brought to you by the #Zociety. #350Z #Midweek : @Aj_salud : @Drew350z & @batikan.z33,https://www.instagram.com/p/BrSG-CjH81P/,
2018-12-11,#Repost @nissanThe next generation of excitement slows it down for us this Tuesday.   #Nissan #FormulaE #FE #IntelligentMobility,https://www.instagram.com/p/BrQrXBuHq4u/,
2018-12-11,"The days of preparation are coming to an end, @Sebastien_buemi will hit the track on Friday in @Nissanedams @FIAFormulaE debut. #NissanFormulaE",https://www.instagram.com/p/BrQnuVHnCer/,
2018-12-11,Hey #NISMOnation! You can help out @Nissan e.dams' @oliverrowland1 in the season opener of the @FIAFormulaE season this week. Send a tweet with the hashtags #FANBOOST and #OliverRowland or vote at fanboost.fiaformulae.com or via the Formula E app.,https://www.instagram.com/p/BrPORNOnk58/,
2018-12-11,Let's leave some tire marks.  #Fairlady #Datsun240Z #240Z : @stancebanda : @speed_forme,https://www.instagram.com/p/BrOsjjLnALq/,
2018-12-10,Fans can help @sebastien_buemi in round one of the new @fiaformulae season this week. Send a tweet with the hastags #FANBOOST and #SebastienBuemi or vote at fanboost.fiaformulae.comor via the Formula E app.,https://www.instagram.com/p/BrOWweGH_KR/,
2018-12-09,"Repetition is one of the keys to learning how to improve behind the wheel of a race car. The more laps you turn, the better. Check out the full @Nissan #GTSport Episode 9  LEARNING on NISMO.tv and NISMO.com",https://www.instagram.com/p/BrLcBWYnJDQ/,
2018-12-09,"With a #Skyline like this, it doesn't even matter what we write here. #SkylineSunday #R32 #Skyline #NissanSkyline : @twentythreeninteen : @kaijuskyline",https://www.instagram.com/p/BrLNzPAnw2Y/,
2018-12-09,"The first time in a real race car, on a real track. There was much for our #NissanGTSportCup gamers to learn when they took the @Nissan 370Z race car around @silverstonecircuit.  Check out the full #GTSport Episode 9  LEARNING on NISMO.tv and NISMO.com",https://www.instagram.com/p/BrK6hDHHULa/,
2018-12-09,#Repost @fiaformulaeA new era for @nismo in Formula E! #ABBFormulaE,https://www.instagram.com/p/BrK3NqxHXHP/,
2018-12-09,"Kick your feet up, it's #Saturday. #OMGTR #R35 #NissanGTR : @tcp.photos : @f7lthy_samurai",https://www.instagram.com/p/BrJaBvtHTnI/,
,,https://www.instagram.com/p/BrIvhWzH-Mp/,
2018-12-08,"Last week we were there for #NISMOfest18, this week the @asianlemansseries is doing battle at Fuji Speedway.  Check out the pics of the @Nissan-powered prototypes in qualifying.",https://www.instagram.com/p/BrIudMynb-8/,
2018-12-08,We gave three of our #NissanGTSportCup gamers a chance behind the wheel of a @Nissan 370Z at @silverstonecircuit so they could learn how to transfer their skills from online to on-track. Check out the full #GTSport Episode 9  LEARNING: on NISMO.tv and NISMO.com,https://www.instagram.com/p/BrImW8RHIZd/,
2018-12-07,"How did we make the new #NissanLEAF #NISMO RC twice as powerful as its predecessor? Start with twice the number of electric motors, a high-capacity lithium-ion battery and 640Nm of instant torque.",https://www.instagram.com/p/BrGhPDuFsyf/,
2018-12-07,"Learning is a crucial part of any driver's growth, on-track and online. You must be willing to learn from past mistakes to be your best.  Check out the full #GTSport Episode 9  LEARNING on NISMO.tv and NISMO.com",https://www.instagram.com/p/BrGW8XCHBGn/,
2018-12-07,Looking back on the incredible #NISMOfest18 and the Japanese debut of our @fiaformulae car. Thanks to the fans for their amazing support.,https://www.instagram.com/p/BrFpie7HJnl/,
2018-12-06,Pure Bliss.  #OMGTR #NissanGTR #R35 : @ritchie_punzalan : @ofagtr,https://www.instagram.com/p/BrDvZy9n4P6/,
2018-12-06,Check out @tsugiomatsuda290 in action aboard the @Nissan LEAF NISMO RC - our newest electric racer which uses powertrain components from the road-going Nissan LEAF.,https://www.instagram.com/p/BrDT5DWnySM/,
2018-12-05,"With twice the power of the previous model, the @Nissan LEAF NISMO RC was unveiled last week in Japan and made an appearance at #NISMOfest18.",https://www.instagram.com/p/BrBaDIYH0Oc/,
2018-12-04,More amazing images from #NISMOfest18. Just an incredible insight into @Nissans 60-year motorsport history and its exciting future.,https://www.instagram.com/p/Bq-3AI7Hx9K/,
2018-12-04, @Sebastien_buemi and @oliverrowland1 are ready to launch #attackmode for round 1 of @FIAFormulaE! Check it out! #NissanFormulaE ,https://www.instagram.com/p/Bq9GzocH4I6/,
2018-12-04, @TAKAX32 putting on a show at #NISMOfest18 on board the @Nissan e.dams @fiaformulae machine! Only 11 days to go until round 1! #NissanFormulaE,https://www.instagram.com/p/Bq9Cnv4nof9/,
2018-12-03,So long November.  #December #R35 #OMGTR #NissanGTR : @hansselguerra : @zhuohao_liu,https://www.instagram.com/p/Bq6jsivHMO4/,
2018-12-03,Look who is still hanging around at @Nissan global HQ after last Fridays @fiaformulae launch. #NissanFormulaE,https://www.instagram.com/p/Bq6jLVqHcb3/,
2018-12-03,60 years of @Nissan motorsports heritage began with the 1958 Around Australia Trial class-winning Datsun 1000. The team's navigator Bruce Wilkinson (pictured with NISMO boss Takao Katagiri) came from Australia to relive the achievement at #NISMOfest18.,https://www.instagram.com/p/Bq6O2apgYj1/,
2018-12-02,What a day! Many thanks to our amazing fans for coming out to #NISMOfest18. Get ready to cheer on our @nissan @fiaformulae team in two weeks time.,https://www.instagram.com/p/Bq5XVTsnsf9/,
2018-12-02,"Thank you to the incredible #NISMOnation fans! That's a wrap on #NISMOfest18, but don't worry, we'll have plenty more #NISMOfestival content coming your way.",https://www.instagram.com/p/Bq4ALG9nuRE/,
2018-12-02,"A new chapter for #NissanIntelligentMobility, check out all 23 photos of the @Nissan @fiaformulae car making its debut at #NISMOfest18 on NISMO.com",https://www.instagram.com/p/Bq37eKiH47V/,
2018-12-02,Amazing to have the @nissan @fiaformulae car at #NISMOfest18! @mitsutakax32 put on an incredible show for the #NISMOnation fans.,https://www.instagram.com/p/Bq3ubqQHn3s/,
2018-12-02,#NISMOnation fans at #NISMOfest18 can photograph their road cars with some legendary @Nissan NISMO race cars.,https://www.instagram.com/p/Bq3k9rYHpu_/,
2018-12-02,The best kind of holiday shopping! #NISMOnation fans can pick up @Nissan souvenirs and even parts at #NISMOfest18.Not at #NISMOfestival? You can watch all the festivities LIVE on NISMO.tv and NISMO.com,https://www.instagram.com/p/Bq3VUuLHvV4/,
2018-12-01,Were ready to go at #NISMOfest18. Watch live today on NISMO.com and NISMO.tv. ,https://www.instagram.com/p/Bq3JzqQnmWD/,
2018-12-01,Amazing cars and great stars will be at #NISMOfest18 including @quintarelli.ronnie. 1 day to go! #NISMOnation ,https://www.instagram.com/p/Bq1acC_H81w/,
2018-11-30,We're getting excited now. Only two days until #NISMOfest18. Can't wait to see the @Nissan e.dams @fiaformulae team in action at Fuji Speedway after our big launch.,https://www.instagram.com/p/Bq0p3UhHbed/,
2018-11-30,Just two days until #NISMOfest18. Today we had a brilliant #NISMOments highlight - our @Nissan e.dams @FIAFormulaE launch in Tokyo.,https://www.instagram.com/p/BqzOvR_nJPl/,
2018-11-30,"Here they are all together! Your four @Nissan aces for the @fiaformulae Championship. @sebastien_buemi in the No. 23, @oliverrowland1 in the No. 22, @mitsutakax32 as test and reserve driver and @Jannthaman on the simulator. Let's do this, team!",https://www.instagram.com/p/BqydBeLHRKa/,
2018-11-30,Two of our @Nissan @supergt_official stars are also getting in on the all-electric @fiaformulae action. @mitsutakax32 will serve as test and reserve driver for the Nissan e.dams team and former @gtacademy winner @jannthaman will be the official simulator driver.,https://www.instagram.com/p/BqyZ646nZmy/,
2018-11-30,Also joining the @Nissan EV stable is the all-new Nissan LEAF NISMO RC. This all-electric racing car will produce more than double the maximum power and torque output of its predecessor.,https://www.instagram.com/p/BqyYKx7HTDI/,
2018-11-30,Welcome to @Nissan e.dams @oliverrowland1! Oliver will partner @sebastien_buemi in the second Nissan e.dams @fiaformulae machine for our debut in season five.,https://www.instagram.com/p/BqyXnTGnyfK/,
2018-11-29,"We're counting down our favorite #NISMOments of 2018 as we lead up to #NISMOfest18. With three days to go, we're celebrating @quintarelli.ronnie and @tsugiomatsuda290s @supergt_official victory at @fujispeedway.",https://www.instagram.com/p/BqwhXOJnA4p/,
2018-11-29,Our @Nissan e.dams @fiaformulae car has been getting lots of passport stamps. Last week we were at China's #guangzhoumotorshow - this week it's at #NissanCrossing in Tokyo tomorrow and at @fujispeedway for @NISMOfest18 on Sunday.,https://www.instagram.com/p/BqwPWkJH5qz/,
2018-11-29,Some great #NissanHeritage in Yokohama at @Nissan Gallery. Were getting ready for #NISMOfest18 this weekend. Get ready to watch live on NISMO.com and NISMO.tv.,https://www.instagram.com/p/BqwCQM3nm7W/,
2018-11-28,Three days until #NISMOfest18! The No. 23 @Nissan #OMGTR @supergt_official victory at @fujispeedway is one of our favorite #NISMOments of 2018.,https://www.instagram.com/p/BqvaYpUHme5/,
2018-11-28,"Four days to #NISMOfest18! We've got the pics from former @gtacademy winner @Jannthaman first @supergt_official GT500 podium finish, another of our favorite #NISMOments.",https://www.instagram.com/p/BqtfJ-8Hxem/,
2018-11-28,"More great #NISMOments from Japan, @Jannthaman's first @supergt_official GT500 podium at Sugo was an incredibly 2018 feat. Just four days until #NISMOfest18!",https://www.instagram.com/p/BqtFJ0xn1ry/,
2018-11-27,Check out all of the photos from the @Nissan #OMGTR Super Taikyu Fuji 24 victory. We're just five days away from being back at Fuji for #NISMOfest18. #NISMOments,https://www.instagram.com/p/BqsjxZFHApE/,
2018-11-27,Now that's a gorgeous ride. #TueZday #370Z #Nissan370Z #Zociety &: @shinya.z34,https://www.instagram.com/p/Bqr0kYEHv9q/,
2018-11-27,"In five days we'll be back at @fujispeedway for #NISMOfest18, but today we're looking at the @Nissan #OMGTR win at the Fuji 24 hour in @supertaikyu_official, one of the best #NISMOments of 2018.",https://www.instagram.com/p/BqrA-8gn4Wg/,
2018-11-26,Six days until #NISMOfest18! We've got all the photos from the @playstation GT Sport @Motul Team RJN squad's third top five finish in a row at @circuitpaulricard in the @blancpaingtseries. #NISMOments,https://www.instagram.com/p/BqqJ5IIHTJA/,
2018-11-26,We're counting down our favorite #NISMOments leading up to #NISMOfest18. @PlayStation GT Sport @Motul Team RJN scored their third @blancpaingtseries top five finish in a row at @circuitpaulricard. Six days until #NISMOfestival!,https://www.instagram.com/p/BqoRCdOnStW/,
2018-11-26,Weekend Sunsets.  #R35 #OMGTR #NissanGTR : @ericm_nyc : @skylibr35ty,https://www.instagram.com/p/BqoPMESHcBA/,
2018-11-25,"For our @Nissan @PlayStation GT Sport @motul Team RJN ace @al_buncombe, having another car hunting you down is the most pressure-filled part of any race. Check out the full #GTSport Episode 8 PRESSURE on NISMO.tv and NISMO.com",https://www.instagram.com/p/BqnaYD1nxRa/,
2018-11-25, @Nissan-power swept the top four places in the opening round of the @asianlemansseries in Shanghai. #NISMOnation,https://www.instagram.com/p/BqnRbsOHNrr/,
2018-11-25,Supercars success! @rickkelly15s Winton win is one of our favorite #NISMOments. We're counting down our favorite moments of the year leading up to #NISMOfest18. Seven days to go!,https://www.instagram.com/p/Bqm0QOhH-1x/,
2018-11-24,Eight days until #NISMOfest18! Check out all the photos from the No. 22 @Nissan-powered @esm_racings @weathertechraceway win in @imsa_racing competition.,https://www.instagram.com/p/Bqkrhs2nt6B/,
2018-11-24,"Pressure comes from everywhere in motorsport, even in making sure every last piece of kit is ready to go when it's your turn in the car.  Check out the full #GTSport Episode 8 PRESSURE on NISMO.tv and NISMO.com.",https://www.instagram.com/p/Bqkg8pcH3BW/,
2018-11-24,This time next week well be at Fuji Speedway preparing for #NISMOfest18 and the Japanese debut of the @Nissan @FIAFormulaE car. Check out the pics from last year.,https://www.instagram.com/p/BqkOlBDHQ8t/,
2018-11-24,Two victories for the No. 22 @esm_racing team in 2018. Their win at @weathertechraceway makes our list of #NISMOments with eight days to #NISMOfest18,https://www.instagram.com/p/BqjYo4GnRfL/,
2018-11-24,Black Friday  #R35 #NissanGTR #OMGTR #BlackFriday &: @clvmentm,https://www.instagram.com/p/Bqi6WpFnWcu/,
2018-11-23,"Can you handle the pressure? Whether on track or virtually, the pressure is the same according to @rsanchezgp. See our latest GT Sport Episode - Pressure - see the full link in our profile.",https://www.instagram.com/p/Bqib32SH2aH/,
2018-11-23,All set for the final @supercarschampionship round of 2018. Check out the pics from Fridays practice action on the streets of Newcastle.,https://www.instagram.com/p/BqiJPldHPDN/,
2018-11-23,"One of our favorite #NISMOments from 2018 was Valerie Limoges' historic @nissanmicracup victory, the first for a woman in series history. Nine days to #NISMOfest18!",https://www.instagram.com/p/Bqgq6vwHYIh/,
2018-11-23,Bird meets Beast. #Thankful  #OMGTR #R35 #NissanGTR  &: @stevesanker ,https://www.instagram.com/p/Bqga9pEH5Th/,
2018-11-22,Thursday's get away. #NissanDatsun #Datsun #Farilady : @douwe.db : @bkramer96,https://www.instagram.com/p/BqfgWQEnu2h/,
2018-11-22,Counting down the top 2018 #NISMOments in the lead up to #NISMOfest18. Check out the photos from the No. 11 Gainer #OMGTR's win in Thailand in @supergt_official GT300 competition.,https://www.instagram.com/p/BqfNuIwHSxg/,
2018-11-22, #NISMOfest18 is less than two weeks away. Well have the day live streamed on NISMO.com and NISMO.tv. Check out these great #TBT pics from 2016.,https://www.instagram.com/p/BqfHG55nj1D/,
2018-11-22,We're just 10 days away from #NISMOfest18! Today's #NISMOments entry comes from the No. 11 Gainer #OMGTR @supergt_official GT300 car winning in Thailand.,https://www.instagram.com/p/BqeCN12nkGU/,
2018-11-21,The @Nissan e.dams @fiaformulae team's @sebastien_buemi shook down our brand new Formula E machine in Valencia in our latest #NISMOments entry and we have all the pics.,https://www.instagram.com/p/BqdB8kuntmP/,
2018-11-21,#OMGTR down under wonder!  @perthsupercars,https://www.instagram.com/p/BqclttHH8Ot/,
2018-11-21,Our way back Wednesday look at the 2015 NISMO Festival. This years #NISMOfest18 will be live streamed on NISMO.com and NISMO.tv and will feature the Japanese debut of the @Nissan @FIAFormulaE car.,https://www.instagram.com/p/BqcYiEgHImj/,
2018-11-21,11 days until #NISMOfest18! Take a look at the @Nissan e.dams @FIAFormulaE team's first official test with the series - one of our favorite #NISMOments of 2018. ,https://www.instagram.com/p/BqbdIdbnDJM/,
2018-11-21,Our @Nissan #OMGTR ace @struan_moore won the @british_gt Silver Cup championship in our #NISMOments entry with 12 days to go until #NISMOfest18.,https://www.instagram.com/p/BqbFpmvHKpO/,
2018-11-20,Flashback to the 2014 NISMO Festival and a celebration of a @supergt_official title win. At #NISMOfest18 we'll celebrate the Japanese debut of @Nissan's @FIAFormulaE car.,https://www.instagram.com/p/Bqa8PBtnjV6/,
2018-11-20,12 days to #NISMOfest18. We're looking back on @struan_moores Silver Cup title in @british_gt competition as one of our favorite #NISMOments of 2018.,https://www.instagram.com/p/Bqa6xjmnMIc/,
2018-11-20,Our not-so-hidden gem. #TueZday #Nissan #370Z #Nissan370Z &: @panda_370z,https://www.instagram.com/p/Bqa5nwDHuz_/,
2018-11-20,"13 days to #NISMOfest18! Check out the photos from the No. 99 @Nissan #OMGTR machines championship victory in @supertaikyu_official competition, one of our favorite #NISMOments of 2018.",https://www.instagram.com/p/BqYnulVHBz0/,
2018-11-19,So many great memories from the 2013 NISMO Festival. We're looking forward to making more at #NISMOfest18 with the Japanese debut of the @Nissan e.dams @FIAFormulaE car.,https://www.instagram.com/p/BqYXuQgHNt1/,
2018-11-19,The entire @supertaikyu_official season was one of our favorite 2018 #NISMOments. Five wins in six races for @Nissan and a title for the No. 99 #OMGTR. What an incredible victory to celebrate!,https://www.instagram.com/p/BqWYnsBnIOM/,
2018-11-19,The @Nissan LEAF NISMO RC made its debut at the 2011 NISMO Festival. Now the Nissan e.dams @FIAFormulaE car is set to appear to #NISMOfest18,https://www.instagram.com/p/BqV3Vt5ntah/,
2018-11-18,"Were counting down our favorite #NISMOments of 2018 leading up to #NISMOfest18. With 14 days to go, were looking back on the photos of @olivier_bedard's @nissanmicracup championship victory.",https://www.instagram.com/p/BqVRezBnWA5/,
2018-11-18,More great action from the #FIAGTWorldCup as the @kcmotorgroup team did battle aboard a trio of @Nissan #OMGTR NISMO GT3s.,https://www.instagram.com/p/BqUz28mH3kD/,
2018-11-18,14 days to #NISMOfest18. One of our favorite @nissanmicracup #NISMOments of 2018 was @olivier_bedard winning his third championship in four years in the series.,https://www.instagram.com/p/BqTyLP7HDsm/,
2018-11-17,"We're counting down our favorite #NISMOments of 2018 leading up to #NIMSOfest18. Check out the pics from today's moment, the @PlayStation GT Sport @Motul Team RJN podium finish from @silverstonecircuit!",https://www.instagram.com/p/BqTAxdYHfth/,
2018-11-17,In 2 weeks well be at @fujispeedway preparing for #NISMOfest18. Check out the pics from 2010. This year the @Nissan e.dams @FIAFormulaE car will be on track.,https://www.instagram.com/p/BqSaQ7ul6gL/,
2018-11-17,Sun. Sand. Saturday.  #OMGTR #NissanGTR #R35  &: @chris_uka,https://www.instagram.com/p/BqSVYQ1l-yU/,
2018-11-17,"15 days to #NISMOfest18! The @Nissan @PlayStation GT Sport @Motul Team RJN squad scored a podium position at @silverstonecircuit in the SilverCup class in @BlancpainGT. The achievement by @rsanchezgp, @struan_moore and @jordanwittracing ranks as one of our favorite #NISMOments.",https://www.instagram.com/p/BqRQNljlKQc/,
2018-11-16,16 days to #NISMOfest18 and we have all the photos from @aleximperatori and Yukinori Taniguchis @blancpaingtseriesasia overall win at Fuji. #NISMOments,https://www.instagram.com/p/BqQh4q9FG6W/,
2018-11-16,TGIF  #FridayFeeling #R35 #OMGTR #NissanGTR : @rl.png : @kristi_pela,https://www.instagram.com/p/BqQhmF0FeF_/,
2018-11-16,We've got the pics from the streets of Macau where the @kcmotorgroup @Nissan #OMGTR NISMO GT3 squad tackled qualifying for the #fiagtworldcup.,https://www.instagram.com/p/BqQPagvll0I/,
2018-11-16,Friday flashback to the 2009 NISMO Festival. Are you ready for #NISMOfest18? We're bringing the @Nissan e.dams @FIAFormulaE car to Japan!,https://www.instagram.com/p/BqPuCFblckD/,
2018-11-16,"16 days to #NISMOfest18! Three #NISMOments in one as @aleximperatori and @yuke72wtcc won overall at Fuji, taking pole position and fastest lap along the way in @blancpaingtseriesasia competition.",https://www.instagram.com/p/BqPp8WBFnIc/,
2018-11-16,17 days to #NISMOfest18! Amazing @Nissan cars from yesterday and today were on display at the #RolexReunion in Monterey  be sure to check out all the photos! #NISMOments,https://www.instagram.com/p/BqOlQSFl0DX/,
2018-11-15,Seize the day. #R35 #OMGTR #NissanGTR: @john_gomes12 : @aml_photos,https://www.instagram.com/p/BqN5EVslymZ/,
2018-11-15,The @kcmotorgroup @Nissan #OMGTR NISMO GT3 team has hit the track at the #MacauGrandPrix for the #FIAGTWorldCup. Check out the pics from the first practice session.,https://www.instagram.com/p/BqN4V0uHIEY/,
2018-11-15,"Time for the #OMGTR to be released at the #MacauGP for the #FIAGTWorldCup! Good luck @tsugiomatsuda290, @aleximperatori, @oliverjarvis1 and the whole @Nissan #OMGTR NISMO GT3 @kcmotorgroup squad. #NISMOnation",https://www.instagram.com/p/BqMKKjkleBg/,
2018-11-15,Are you ready for #NISMOfest18? We're looking forward to seeing the @Nissan e.dams @fiaformulae car in Japan for the first time. Check out these pics from the 2007 event.,https://www.instagram.com/p/BqL8MRWFR6y/,
2018-11-15,Are you ready for #NISMOfest18? We're looking forward to seeing the @Nissan e.dams @fiaformulae car in Japan for the first time. Check out these pics from the 2007 event.,https://www.instagram.com/p/BqL6lEBF9ep/,
2018-11-14,Check out the photos from another of our favorite 2018 #NISMOments as we count down to #NISMOfest18. Patrick Blazsan took the virtual victory as he competed against other esports racers in the #NissanGTSportCup finale.,https://www.instagram.com/p/BqLIK1Hn6Zo/,
2018-11-14,Hello Lovely.  #OMGTR #R35 #NissanGTR : @_mu57afa_ : @ainikabir,https://www.instagram.com/p/BqKkUl6HtzP/,
2018-11-14,"18 days to #NISMOfest18! We're counting down our favorite racing moments of 2018, this #NISMOments race happened virtually as @PlayStation GT Sport gamers competed in the #NissanGTSportCup finale in Barcelona.",https://www.instagram.com/p/BqJmNX1H9yR/,
2018-11-14,The final round of @supergt_official has been run. Now it is time for our @Nissan Super GT aces to set their sights on #NISMOFest18. Check out the pics from Motegi.,https://www.instagram.com/p/BqJeYnynmXr/,
2018-11-13,19 days to #NISMOfest18. One of our favorite #NISMOments of the past year was Vesko Kozarov taking the TC title in @pirelliwc competition behind the wheel of a @nissan 370Z.,https://www.instagram.com/p/BqIX-6sHDtH/,
2018-11-13,Go with the flow. #TueZday #370Z #Nissan370Z #Zociety &: @itabashi0428,https://www.instagram.com/p/BqIL_ACn1ax/,
2018-11-13,19 days until #NISMOfest18. Check out the top shots from 2006. This year's event will feature the Japanese debut of the @Nissan @FIAFormulaE car.,https://www.instagram.com/p/BqIAVokHi4R/,
2018-11-13,"Driving a @Nissan 370Z, Vesko Kozarov won the 2018 @pirelliwc TC Championship. Certainly one of our favorite #NISMOments of 2018 as we count down to #NISMOfest18. 19 days to go!",https://www.instagram.com/p/BqG5-p0nXCB/,
2018-11-12,Rain or shine  the NISMO Festival is always a treat for the fans  take a look back at 2005. This years #NISMOfest18 will feature the @nissan Nissan @fiaformulae for the first time.,https://www.instagram.com/p/BqGNHs8Hfg0/,
2018-11-12,Check out the photos from @rickkelly15's pair of @supercarschampionship podiums at Phillip Island. Today's #NISMOments highlight as we count down to #NISMOfest18. 20 days to go!,https://www.instagram.com/p/BqF1CGcn9zX/,
2018-11-12,Evolution is necessary in racing to stay on the top of your game. Our @Nissan @PlayStation GT Sport @Motul Team RJN #OMGTR drivers are always working to better themselves for their best chance at victory.  Check out the full #GTSport Episode 7  EVOLUTION on http://NISMO.com and http://NISMO.tv,https://www.instagram.com/p/BqFqiasn-y-/,
2018-11-12,20 days until #NISMOfest18 and we're celebrating the pair of podiums for @nissan_msport @supercarschampionship ace @rickkelly15 at the series' visit to Phillip Island. #NISMOments,https://www.instagram.com/p/BqET65sn6hq/,
2018-11-12,Our @nissan cars evolve and so do our video games. Every iteration of @playstation @thegranturismo has gotten better and better. Check out the full #GTSport Episode 7  EVOLUTION on NISMO.com and NISMO.tv,https://www.instagram.com/p/BqD0IuTHnWQ/,
2018-11-11,Rollin' through #SkylineSunday #R34 #NissanR34 #OMGTR : @bheintzautomotive : @originallauto,https://www.instagram.com/p/BqDaHMNHAFg/,
2018-11-11,More great NISMO Festival action from 2004. We're now 21 days away from #NISMOfest18. Can't wait to see the @Nissan e.dams @FIAFormulaE car in Japan.,https://www.instagram.com/p/BqDR3SfHUqd/,
2018-11-11,Counting down to #NISMOfest18. Our #NISMOments for 21 days to go is the awesome job by the @PlayStation GT Sport @Motul Team RJN squad for getting both @blancpaingtseries @Nissan #OMGTR NISMO GT3s home at the finish of the @total24hoursofspa.,https://www.instagram.com/p/BqC1XILHWM_/,
2018-11-11,21 days til #NISMOfest18. Our #NISMOments for today is the #GTSport @Motul Team RJN crew at the @total24hoursofspa where both #OMGTRs made the finish for the sixth year in a row.,https://www.instagram.com/p/BqB640DHSVO/,
2018-11-10,2003 was a title-winning year for @satoshimotoyama and Michael Krumm. Check out the pics from that year's NISMO Festival. We're getting ready for #NISMOfest18 and the appearance of the @Nissan e.dams @FIAFormulaE car.,https://www.instagram.com/p/BqAuQOinZVt/,
2018-11-10,Celebrating the 50th anniversary of the #OMGTR and @italdesign_official - the @Nissan #OMGTR50 was a great #NISMOments highlight for 2018. Now 22 days until #NISMOfest18,https://www.instagram.com/p/BqAhhf8n3Cq/,
2018-11-10, @supergt_official qualifying pics from @twinring_motegi Well have the final race of the 2018 Super GT season live on NISMO.com and NISMO.tv.,https://www.instagram.com/p/BqAL4bHn5E1/,
2018-11-10,"22 days until #NISMOfest18. The @Nissan #OMGTR50 world tour was a true #NISMOments highlight of 2018 - @GoodwoodRRC, @Circuit_Spa_Francorchamps, @WeathertechRaceway, LA, Japan!",https://www.instagram.com/p/Bp_MAiOn0a9/,
2018-11-09, #NISMOfest18 is coming up on December 2. Here are all the flashback pics from 2002. This year well have the @Nissan e.dams @fiaformulae car on track at Fuji.,https://www.instagram.com/p/Bp-XP6Znu77/,
2018-11-09,Check out the photos from the @Nissan-powered @esm_racing team's first victory of 2018 at the 12 Hours of @sebringraceway. We're counting down our favorite 2018 #NISMOments leading up to #NISMOfest18.,https://www.instagram.com/p/Bp97m33nUYS/,
2018-11-09,Kicking off our 2018 @Nissan #NISMOments countdown with the No. 22 @esm_racing team's first @imsa_racing win of the year at the 12 Hours of @sebringraceway. 23 days to #NISMOfest18!,https://www.instagram.com/p/Bp8nffwHgap/,
2018-11-08,Red & Ready #OMGTR #R35 #NissanGTR : @kwister_photography : @kristi_pela,https://www.instagram.com/p/Bp7vPSzHaiY/,
2018-11-08,This is a great #TBT! Pics from the 2001 NISMO Festival. This year the @Nissan e.dams @FIAFormulaE car will hit the track at #NISMOfest18,https://www.instagram.com/p/Bp7N9hYHALR/,
2018-11-07,No shying away. #R35 #OMGTR #NissanGTR : @zero.30.30 : @woyshnis.media,https://www.instagram.com/p/Bp5R19GHN3V/,
2018-11-07,Check out the pics from the 2000 NISMO Festival. On Dec 2 this year we'll celebrate the past and the future at #NISMOfest18 with an appearance from the @Nissan e.dams @FIAFormulaE car.,https://www.instagram.com/p/Bp5G7c6nsKh/,
2018-11-07,"If racing was a game, consider it changed Get your tickets to watch the @Nissan e.dams team in action for the 2018/19 @FIAFormulaE Championship now.  Tickets on sale: www.FIAFormulaE.com/Next-Level",https://www.instagram.com/p/Bp4fUYfnpWn/,
2018-11-06,#TueZday Envy #370Z #Nissan370Z #Zociety : @steven_slice: @mestachow,https://www.instagram.com/p/Bp2pZrVHILS/,
2018-11-06,Take a look back at the 1999 NISMO Festival. This year's #NISMOfest18 will feature the @Nissan e.dams @FIAFormulaE for the first time on December 2.,https://www.instagram.com/p/Bp2drIunmsi/,
2018-11-06,Follow your arrows. #MotivationMonday #R35 #OMGTR #NissanGTR : @one.20th : @veryprivatefigure,https://www.instagram.com/p/Bp0cwKOnlJP/,
2018-11-05,Take a look back at the second-ever NISMO Festival at Fuji Speedway from 1998. Get ready to see our @Nissan @fiaformulae car at this year's #NISMOfest18,https://www.instagram.com/p/Bp0DBAyn3MT/,
2018-11-05,It has been a huge year for @Nissan in @supertaikyu_official in Japan with five race wins out of six rounds. Check out the pics from the final weekend. Swipe left to view more..... #OMGTR #NISMOnation,https://www.instagram.com/p/Bpz89mfnDDn/,
2018-11-04,Kicking our feet (wheels) up. #SkylineSunday #NissanSkyline #Skyline : @phxshots : @haterway,https://www.instagram.com/p/BpxOHZ4HZ_x/,
2018-11-04,Were counting down the days until #NISMOfest18 and the appearance of the @Nissan e.dams @FIAFormulaE car. Check out the pics from the very first festival back in 1997.,https://www.instagram.com/p/BpwjRXsn5_V/,
2018-11-03,This is #Saturday.  #R35 #OMGTR #NissanGTR &: @itschris_james,https://www.instagram.com/p/BpuyMPfHPM3/,
2018-11-03,"Take a look of the @nissan_msport @supercarschampionship pics from Pukekohe, New Zealand where @michaelcarus0 scored a top 10. #NISMOnation",https://www.instagram.com/p/Bpucgtzn8LU/,
