2019-02-16,Race day in #MexicoCityEPrix  #ABBFormulaE,https://www.instagram.com/p/Bt8VVd1lyLn/,https://scontent-iad3-1.cdninstagram.com/vp/e9c4bdea7ba8f649cfb1122b6a9603cd/5D034E3A/t51.2885-15/sh0.08/e35/s640x640/51501572_2303712756577678_675476106211411013_n.jpg?_nc_ht=scontent-iad3-1.cdninstagram.com
2019-02-15,One more day before #MexicoCityERace ,https://www.instagram.com/p/Bt6xp3Plzuc/,https://scontent-iad3-1.cdninstagram.com/vp/829841c96e0a58ea74e2cc96169e3249/5D1FEB25/t51.2885-15/sh0.08/e35/s640x640/52587390_128654604853230_3038858647811453600_n.jpg?_nc_ht=scontent-iad3-1.cdninstagram.com
2019-01-28,Thank you Santiago for this great weekend at the #SantiagoEPrix. It was not exactly what we expected but we are more than ready for next stop: Mexico here we come !  #ABBFormulaE,https://www.instagram.com/p/BtLbwEtFdvQ/,https://scontent-iad3-1.cdninstagram.com/vp/92cdae4e6f6cae799f572a13da597133/5D036C95/t51.2885-15/sh0.08/e35/s640x640/49332640_125821945135139_5080845026722330849_n.jpg?_nc_ht=scontent-iad3-1.cdninstagram.com
2019-02-16,Race day in #MexicoCityEPrix  #ABBFormulaE,https://www.instagram.com/p/Bt8VVd1lyLn/,https://scontent-iad3-1.cdninstagram.com/vp/e9c4bdea7ba8f649cfb1122b6a9603cd/5D034E3A/t51.2885-15/sh0.08/e35/s640x640/51501572_2303712756577678_675476106211411013_n.jpg?_nc_ht=scontent-iad3-1.cdninstagram.com
2019-02-15,One more day before #MexicoCityERace ,https://www.instagram.com/p/Bt6xp3Plzuc/,https://scontent-iad3-1.cdninstagram.com/vp/829841c96e0a58ea74e2cc96169e3249/5D1FEB25/t51.2885-15/sh0.08/e35/s640x640/52587390_128654604853230_3038858647811453600_n.jpg?_nc_ht=scontent-iad3-1.cdninstagram.com
2019-01-28,Thank you Santiago for this great weekend at the #SantiagoEPrix. It was not exactly what we expected but we are more than ready for next stop: Mexico here we come !  #ABBFormulaE,https://www.instagram.com/p/BtLbwEtFdvQ/,https://scontent-iad3-1.cdninstagram.com/vp/92cdae4e6f6cae799f572a13da597133/5D036C95/t51.2885-15/sh0.08/e35/s640x640/49332640_125821945135139_5080845026722330849_n.jpg?_nc_ht=scontent-iad3-1.cdninstagram.com
2019-01-26,Its race say in Santiago  #SantiagoEPrix #ABBFormulaE #NissanFormulaE,https://www.instagram.com/p/BtGJli8lnJy/,https://scontent-iad3-1.cdninstagram.com/vp/ccbc9d61e16ce8d7f8f0092bd1a42d6d/5D0C56F4/t51.2885-15/sh0.08/e35/s640x640/49729456_2568249553191037_2479875006083319721_n.jpg?_nc_ht=scontent-iad3-1.cdninstagram.com
2019-01-22,It's #SantiagoEPrix race week for @Nissan / @nissanedams . Tweet with the hashtags #FANBOOST and #SebastienBuemi or vote at: nismo.com/fanboost/seb ,https://www.instagram.com/p/Bs8B4qnFarr/,https://scontent-iad3-1.cdninstagram.com/vp/4dcea7eea78deb9f3be59903835082bd/5D259EB5/t51.2885-15/sh0.08/e35/c0.0.1079.1079/s640x640/49312119_294406771425946_6367317553388411465_n.jpg?_nc_ht=scontent-iad3-1.cdninstagram.com
2019-01-22,You can support @Nissan / @Nissanedams racer @oliverrowland1 in this week's #SantiagoEPrix by voting for him on #FANBOOST. Tweet with the hashtags #FANBOOST and #OliverRowland or vote at nismo.com/fanboost/oliver ,https://www.instagram.com/p/Bs8BN_mlmQ2/,https://scontent-iad3-1.cdninstagram.com/vp/e9242d813689b9b4305dd1f3c44fd66b/5D126B50/t51.2885-15/sh0.08/e35/s640x640/49857998_2286021541429806_605820390625240408_n.jpg?_nc_ht=scontent-iad3-1.cdninstagram.com
2019-01-13,P8 for @sebastien_buemi and P15 for @oliverrowland1 in #MarrakechEPrix. See you in Santiago ,https://www.instagram.com/p/Bsknc29l6ta/,https://scontent-iad3-1.cdninstagram.com/vp/63c650298745218d1a5b51652e395fd1/5D1CCADF/t51.2885-15/sh0.08/e35/c0.0.1079.1079/s640x640/47693332_342587172995140_7956574300113358367_n.jpg?_nc_ht=scontent-iad3-1.cdninstagram.com
2019-01-11,Big day tomorow for @sebastien_buemi and @oliverrowland1 Be ready for #marrakecheprix,https://www.instagram.com/p/BsgRpv1lZ9S/,https://scontent-iad3-1.cdninstagram.com/vp/25e89dddb1132896a858c7ab01ae5d5b/5D15033E/t51.2885-15/e35/c80.0.320.320a/49536515_2059340050843910_2607218927032475748_n.jpg?_nc_ht=scontent-iad3-1.cdninstagram.com
2019-01-11,Meet our #NissanEDams Moroccan chefs  @oliverrowland1 @sebastien_buemi,https://www.instagram.com/p/BsfzY56FyHm/,https://scontent-iad3-1.cdninstagram.com/vp/71a744048a78f24d8e88accdaaa76c9a/5D172C45/t51.2885-15/e35/c142.0.568.568/47584631_826178571053831_6604863495494334430_n.jpg?_nc_ht=scontent-iad3-1.cdninstagram.com
2019-01-10,Support @oliverrowland1 and vote for him for the #MarrakeshEprix Fan-powered extra speed!Vote at: nismo.com/fanboost/oliver Use the Formula E app Tweet the hashtags #FANBOOST and #OliverRowland#Nismo #ABBFormulaE #FANBOOST #OliverRowland,https://www.instagram.com/p/BsdjSApoy9E/,https://scontent-iad3-1.cdninstagram.com/vp/a8548cdb9adb18443a473d1dd8f63514/5C7A05FA/t51.2885-15/e15/s640x640/47691929_2080407991995286_3555168354219617286_n.jpg?_nc_ht=scontent-iad3-1.cdninstagram.com
2019-01-10,Every vote counts Help @sebastien_buemi to get an extra boost for Saturdays race at the #MarrakechEPrix @FIAFormulaEVote online: fanboost.fiaformulae.comVia the app: @fiaformulae appTwitter: tweet #FANBOOST and #SebastienBuemi#Nismo #ABBFormulaE #FANBOOST #SebastienBuemi,https://www.instagram.com/p/Bsc4-0bI2wX/,https://scontent-iad3-1.cdninstagram.com/vp/d9b50a8d8a174389d2be9690537596c5/5C79E692/t51.2885-15/e15/s640x640/47586021_185880342371383_8193972443347464745_n.jpg?_nc_ht=scontent-iad3-1.cdninstagram.com
2019-01-07,Back on track this week ! ,https://www.instagram.com/p/BsVAM3TFtfJ/,https://scontent-iad3-1.cdninstagram.com/vp/3721c537991e26e72f348f4d78430ced/5D0F6D08/t51.2885-15/sh0.08/e35/s640x640/47690928_343876026433383_4556898285065795042_n.jpg?_nc_ht=scontent-iad3-1.cdninstagram.com
2019-01-04,Getting ready for round 2. One week to go for Marrakech ,https://www.instagram.com/p/BsN-9eklUMU/,https://scontent-iad3-1.cdninstagram.com/vp/2579e0b4dad392781b669afa8b43a871/5D04D646/t51.2885-15/e35/c142.0.568.568/47690019_2287426054820592_7747760018164187029_n.jpg?_nc_ht=scontent-iad3-1.cdninstagram.com
2019-01-02,Happy New Year We cant wait for 2019 !,https://www.instagram.com/p/BsIaSkkFcfz/,https://scontent-iad3-1.cdninstagram.com/vp/02d3d5f06f128befbcd1ccfbf3af80bf/5D040C18/t51.2885-15/sh0.08/e35/s640x640/47582077_104718700526818_4170784227897201120_n.jpg?_nc_ht=scontent-iad3-1.cdninstagram.com
2018-12-15,Are you ready for season 5 ? ,https://www.instagram.com/p/BrZV2H-Fy4x/,https://scontent-iad3-1.cdninstagram.com/vp/d139724beba89c277cd63aa1ab6decc8/5D26101C/t51.2885-15/sh0.08/e35/s640x640/47066456_361728351227420_6539348461396880438_n.jpg?_nc_ht=scontent-iad3-1.cdninstagram.com
