2019-02-26,Progress with every step  #tuesdaythoughts.....#madeinmonaco #monaco #montecarlo #venturi #susiewolff #felipemassa #edoardomortara #simonadesilvestro #normannato #arthurleclerc #abbformulae #formulae #racing #motorsport,https://www.instagram.com/p/BuWPDhRFoyb/,https://scontent-iad3-1.cdninstagram.com/vp/3d9e373aedcfb862915dd81a90e7d63c/5D14E3C5/t51.2885-15/sh0.08/e35/s640x640/52014146_2270669783259236_5774713868506979573_n.jpg?_nc_ht=scontent-iad3-1.cdninstagram.com
2019-02-25,Jumping into the week  #mondaymotivation.....#madeinmonaco #monaco #montecarlo #venturi #susiewolff #felipemassa #edoardomortara #simonadesilvestro #normannato #arthurleclerc #abbformulae #formulae #racing #motorsport,https://www.instagram.com/p/BuTFmpIFJjd/,https://scontent-iad3-1.cdninstagram.com/vp/53c31f39988d38d35eb73329f7b3dc6d/5D15A45E/t51.2885-15/sh0.08/e35/s640x640/51782857_381096159108524_2257434156804963226_n.jpg?_nc_ht=scontent-iad3-1.cdninstagram.com
2019-02-21,What a view... .....#madeinmonaco #monaco #montecarlo #venturi #susiewolff #felipemassa #edoardomortara #simonadesilvestro #normannato #arthurleclerc #abbformulae #formulae #racing #motorsport #mexicocityeprix #mexicocity #mexico,https://www.instagram.com/p/BuI6rGcFrNm/,https://scontent-iad3-1.cdninstagram.com/vp/26bd03b8d38b59cdc01a2d01ec2a28ab/5D0EDE99/t51.2885-15/sh0.08/e35/s640x640/51047963_257553335188968_3108576754151582358_n.jpg?_nc_ht=scontent-iad3-1.cdninstagram.com
2019-02-19,Youve got this masterpiece in your hands... which button do you press first? .....#madeinmonaco #monaco #montecarlo #venturi #susiewolff #felipemassa #edoardomortara #simonadesilvestro #normannato #arthurleclerc #abbformulae #formulae #racing #motorsport #mexicocityeprix #mexicocity #mexico,https://www.instagram.com/p/BuEkXXzlwzl/,https://scontent-iad3-1.cdninstagram.com/vp/d8f64580f90683809f2791aafd9f7b34/5D19140E/t51.2885-15/sh0.08/e35/s640x640/51023171_165325801116887_5268321292347306958_n.jpg?_nc_ht=scontent-iad3-1.cdninstagram.com
2019-02-19,Like the wind .....#madeinmonaco #monaco #montecarlo #venturi #susiewolff #felipemassa #edoardomortara #simonadesilvestro #normannato #arthurleclerc #abbformulae #formulae #racing #motorsport #mexicocityeprix #mexicocity #mexico,https://www.instagram.com/p/BuDy4solXg_/,https://scontent-iad3-1.cdninstagram.com/vp/c24622837d8f733b481e6832d69931fc/5D08544F/t51.2885-15/sh0.08/e35/s640x640/51847306_357801398150704_2111979042004388865_n.jpg?_nc_ht=scontent-iad3-1.cdninstagram.com
2019-02-18,All smiles .....#madeinmonaco #monaco #montecarlo #venturi #susiewolff #felipemassa #edoardomortara #simonadesilvestro #normannato #arthurleclerc #abbformulae #formulae #racing #motorsport #mexicocityeprix #mexicocity #mexico,https://www.instagram.com/p/BuB8xwgF-e-/,https://scontent-iad3-1.cdninstagram.com/vp/3ea8e5cf7cbc99e4e7b4433dd54e130e/5D0E291C/t51.2885-15/sh0.08/e35/s640x640/51000340_121189705616541_8679860805647926977_n.jpg?_nc_ht=scontent-iad3-1.cdninstagram.com
2019-02-18,Steely focus .....#madeinmonaco #monaco #montecarlo #venturi #susiewolff #felipemassa #edoardomortara #simonadesilvestro #normannato #arthurleclerc #abbformulae #formulae #racing #motorsport #mexicocityeprix #mexicocity #mexico,https://www.instagram.com/p/BuBex3flY2R/,https://scontent-iad3-1.cdninstagram.com/vp/665849733958bbd979a0fc55b9c9cb24/5D0C37F1/t51.2885-15/sh0.08/e35/s640x640/52944448_2169611073353743_2386823264548369257_n.jpg?_nc_ht=scontent-iad3-1.cdninstagram.com
2019-02-18,So much love for this circuit .....#madeinmonaco #monaco #montecarlo #venturi #susiewolff #felipemassa #edoardomortara #simonadesilvestro #normannato #arthurleclerc #abbformulae #formulae #racing #motorsport #mexicocityeprix #mexicocity #mexico,https://www.instagram.com/p/BuBSpdClBFW/,https://scontent-iad3-1.cdninstagram.com/vp/0ea9465e9e5a57c726c49454b57b39e6/5D0A21B2/t51.2885-15/sh0.08/e35/s640x640/51585964_536927070127876_6680304321941435185_n.jpg?_nc_ht=scontent-iad3-1.cdninstagram.com
2019-02-17,.....#madeinmonaco #monaco #montecarlo #venturi #susiewolff #felipemassa #edoardomortara #simonadesilvestro #normannato #arthurleclerc #abbformulae #formulae #racing #motorsport #mexicocityeprix #mexicocity #mexico,https://www.instagram.com/p/Bt94qaYlxAu/,https://scontent-iad3-1.cdninstagram.com/vp/83afe06cdeaab8f43f380e3343882763/5D0B8FFC/t51.2885-15/sh0.08/e35/s640x640/51172784_972012296326034_4506425376136584597_n.jpg?_nc_ht=scontent-iad3-1.cdninstagram.com
2019-02-17,Not the result @massafelipe19 was gunning for today - but he fought like a warrior for his first @fiaformulae points! .....#madeinmonaco #monaco #montecarlo #venturi #susiewolff #felipemassa #edoardomortara #simonadesilvestro #normannato #arthurleclerc #abbformulae #formulae #racing #motorsport #mexicocityeprix #mexicocity #mexico,https://www.instagram.com/p/Bt90WBglpzk/,https://scontent-iad3-1.cdninstagram.com/vp/fb9b5a7867a3ec4b084db34effdc172d/5D21F3B8/t51.2885-15/sh0.08/e35/s640x640/52319419_2716041035134746_5606883006708834962_n.jpg?_nc_ht=scontent-iad3-1.cdninstagram.com
2019-02-17,This is what it means... .....#madeinmonaco #monaco #montecarlo #venturi #susiewolff #felipemassa #edoardomortara #simonadesilvestro #normannato #arthurleclerc #abbformulae #formulae #racing #motorsport #mexicocityeprix #mexicocity #mexico,https://www.instagram.com/p/Bt9nZkdFnVa/,https://scontent-iad3-1.cdninstagram.com/vp/29867d3cd92bb8ecf97c128450c13a1e/5D161418/t51.2885-15/sh0.08/e35/s640x640/50890084_2343097332369153_8884715195383275142_n.jpg?_nc_ht=scontent-iad3-1.cdninstagram.com
2019-02-16,"He cant believe it, we cant believe it, but its real... WERE ON THE PODIUM IN MEXICO!!! Bravo Edo! .....#madeinmonaco #monaco #montecarlo #venturi #susiewolff #felipemassa #edoardomortara #simonadesilvestro #normannato #arthurleclerc #abbformulae #formulae #racing #motorsport #mexicocityeprix #mexicocity #mexico",https://www.instagram.com/p/Bt9hz9Dl4Ng/,https://scontent-iad3-1.cdninstagram.com/vp/4f6c18812e2961edc927100f3f68de0a/5D1BE735/t51.2885-15/sh0.08/e35/s640x640/50902231_389359008521164_2037427956333151940_n.jpg?_nc_ht=scontent-iad3-1.cdninstagram.com
2019-02-16,Final preparations underway... lets go racing! .....#madeinmonaco #monaco #montecarlo #venturi #susiewolff #felipemassa #edoardomortara #simonadesilvestro #normannato #arthurleclerc #abbformulae #formulae #racing #motorsport #mexicocityeprix #mexicocity #mexico,https://www.instagram.com/p/Bt9SQgDF7nP/,https://scontent-iad3-1.cdninstagram.com/vp/dd8545832e6cc863c2f46a42fff3a3cc/5D159F19/t51.2885-15/sh0.08/e35/s640x640/51236365_117769662669973_7860687537698366880_n.jpg?_nc_ht=scontent-iad3-1.cdninstagram.com
2019-02-16,You can open your eyes @massafelipe19 - it wasnt a dream!  Fantastic job from our Brazilian maestro to take P3 on the grid! .....#madeinmonaco #monaco #montecarlo #venturi #susiewolff #felipemassa #edoardomortara #simonadesilvestro #normannato #arthurleclerc #abbformulae #formulae #racing #motorsport #mexicocityeprix #mexicocity #mexico,https://www.instagram.com/p/Bt9CprdFH6Y/,https://scontent-iad3-1.cdninstagram.com/vp/d6973f669301f87af88edbbe9d71d9f8/5D226239/t51.2885-15/sh0.08/e35/s640x640/51183434_2486849334678119_6916217365071136697_n.jpg?_nc_ht=scontent-iad3-1.cdninstagram.com
2019-02-16,"Its @massafelipe19 P2, @edomortara P22 in Practice 2 - role reversal from the first session! What they do in Qualifying? Almost time to find out........#madeinmonaco #monaco #montecarlo #venturi #susiewolff #felipemassa #edoardomortara #simonadesilvestro #normannato #arthurleclerc #abbformulae #formulae #racing #motorsport #mexicocityeprix #mexicocity #mexico",https://www.instagram.com/p/Bt81IsIlxT5/,https://scontent-iad3-1.cdninstagram.com/vp/12cd1b3d9def5a739689d9b3f2b77cf9/5D21CCD2/t51.2885-15/sh0.08/e35/s640x640/51066740_294136507936753_8758282223088568030_n.jpg?_nc_ht=scontent-iad3-1.cdninstagram.com
2019-02-16,"P2 @edomortara, P22 @massafelipe19 in Practice 1! .....#madeinmonaco #monaco #montecarlo #venturi #susiewolff #felipemassa #edoardomortara #simonadesilvestro #normannato #arthurleclerc #abbformulae #formulae #racing #motorsport #mexicocityeprix #mexicocity #mexico",https://www.instagram.com/p/Bt8nz1OFwcP/,https://scontent-iad3-1.cdninstagram.com/vp/bb4b39f462ddc630b0315bedc1522a86/5D1E1AD6/t51.2885-15/sh0.08/e35/s640x640/51124337_252192375721195_131964906039128671_n.jpg?_nc_ht=scontent-iad3-1.cdninstagram.com
2019-02-16,Suit up! Its race day .....#madeinmonaco #monaco #montecarlo #venturi #susiewolff #felipemassa #edoardomortara #simonadesilvestro #normannato #arthurleclerc #abbformulae #formulae #racing #motorsport #mexicocityeprix #mexicocity #mexico,https://www.instagram.com/p/Bt8Y-enFN_d/,https://scontent-iad3-1.cdninstagram.com/vp/be283642af43cfd7d7e27fe0c080ce41/5D09702F/t51.2885-15/sh0.08/e35/s640x640/50801935_2346172975415087_1522717379977574291_n.jpg?_nc_ht=scontent-iad3-1.cdninstagram.com
2019-02-15,Warp speed engaged .....#madeinmonaco #monaco #montecarlo #venturi #susiewolff #felipemassa #edoardomortara #simonadesilvestro #normannato #arthurleclerc #abbformulae #formulae #racing #motorsport #mexicocityeprix #mexicocity #mexico,https://www.instagram.com/p/Bt66GYAF5o-/,https://scontent-iad3-1.cdninstagram.com/vp/ec0aa2208a0bfd5d87284f9ea39623a2/5D0890D0/t51.2885-15/sh0.08/e35/s640x640/50986891_120871645646491_2138640266519878377_n.jpg?_nc_ht=scontent-iad3-1.cdninstagram.com
2019-02-15,Starships were meant to fly .....#madeinmonaco #monaco #montecarlo #venturi #susiewolff #felipemassa #edoardomortara #simonadesilvestro #normannato #arthurleclerc #abbformulae #formulae #racing #motorsport #mexicocityeprix #mexicocity #mexico,https://www.instagram.com/p/Bt6R00kFINp/,https://scontent-iad3-1.cdninstagram.com/vp/720cf7c38dfe75521ac7286fef310009/5D1B6CD7/t51.2885-15/sh0.08/e35/s640x640/50891629_586361478547433_7708401270105691568_n.jpg?_nc_ht=scontent-iad3-1.cdninstagram.com
2019-02-15,.....#madeinmonaco #monaco #montecarlo #venturi #susiewolff #felipemassa #edoardomortara #simonadesilvestro #normannato #arthurleclerc #abbformulae #formulae #racing #motorsport #mexicocityeprix #mexicocity #mexico #lucasdigrassi #audi #audisport,https://www.instagram.com/p/Bt6DALnlurI/,https://scontent-iad3-1.cdninstagram.com/vp/90b9c22a574007e03f44d114c0d80096/5D0F899F/t51.2885-15/sh0.08/e35/s640x640/51462874_788083098238933_3384477551925403254_n.jpg?_nc_ht=scontent-iad3-1.cdninstagram.com
2019-02-14,"Just give us the green light, were good to go! .....#madeinmonaco #monaco #montecarlo #venturi #susiewolff #felipemassa #edoardomortara #simonadesilvestro #normannato #arthurleclerc #abbformulae #formulae #racing #motorsport #mexicocityeprix #mexicocity #mexico",https://www.instagram.com/p/Bt4W9UlFy0U/,https://scontent-iad3-1.cdninstagram.com/vp/51f21e678084187c874dde74311a6437/5D22E473/t51.2885-15/sh0.08/e35/s640x640/52445562_348963162623643_6917953173009400249_n.jpg?_nc_ht=scontent-iad3-1.cdninstagram.com
2019-02-14,Not all heroes wear capes... some wear race suits .....#madeinmonaco #monaco #montecarlo #venturi #susiewolff #felipemassa #edoardomortara #simonadesilvestro #normannato #arthurleclerc #abbformulae #formulae #racing #motorsport #mexicocityeprix #mexicocity #mexico,https://www.instagram.com/p/Bt4Es22ld4z/,https://scontent-iad3-1.cdninstagram.com/vp/37dc6cabbbed02e42cc66984b5eb9e8c/5D16760F/t51.2885-15/sh0.08/e35/s640x640/51094108_108145700184381_7201013341518644726_n.jpg?_nc_ht=scontent-iad3-1.cdninstagram.com
2019-02-14,Soon... .....#madeinmonaco #monaco #montecarlo #venturi #susiewolff #felipemassa #edoardomortara #simonadesilvestro #normannato #arthurleclerc #abbformulae #formulae #racing #motorsport #mexicocityeprix #mexicocity #mexico,https://www.instagram.com/p/Bt3tAgulRlr/,https://scontent-iad3-1.cdninstagram.com/vp/52c9b6e380afa90adbeffeb50255be91/5D075AF5/t51.2885-15/sh0.08/e35/s640x640/51771495_103218267404388_8299660027615176647_n.jpg?_nc_ht=scontent-iad3-1.cdninstagram.com
2019-02-14,Reflecting on the season so far... time for a classic Felipe fightback! .....#madeinmonaco #monaco #montecarlo #venturi #susiewolff #felipemassa #edoardomortara #simonadesilvestro #normannato #arthurleclerc #abbformulae #formulae #racing #motorsport #mexicocityeprix #mexicocity #mexico,https://www.instagram.com/p/Bt3fcDUlii3/,https://scontent-iad3-1.cdninstagram.com/vp/eef73f86e08215875f538faad93f170d/5D181952/t51.2885-15/sh0.08/e35/s640x640/51202486_356759275165900_168523256016831052_n.jpg?_nc_ht=scontent-iad3-1.cdninstagram.com
2019-02-13,Ready to edge our noses up the grid this weekend with the help of our friends at @hpe! .....#madeinmonaco #monaco #montecarlo #venturi #susiewolff #felipemassa #edoardomortara #simonadesilvestro #normannato #arthurleclerc #abbformulae #formulae #racing #motorsport #mexicocityeprix #mexicocity #mexico,https://www.instagram.com/p/Bt04jg2FLd6/,https://scontent-iad3-1.cdninstagram.com/vp/0000f01be0f9e7118e1e4a707e908ccd/5D269753/t51.2885-15/sh0.08/e35/s640x640/50740929_1062367633950527_3677841417609604734_n.jpg?_nc_ht=scontent-iad3-1.cdninstagram.com
2019-02-13,@susie_wolff says Our clear goal is another points finish this weekend and an action packed race for the fans. Send us a  if that sounds good to you!.....#madeinmonaco #monaco #montecarlo#venturi #felipemassa #edoardomortara#susiewolff #simonadesilvestro#normannato #arthurleclerc #abbformulae#formulae #racing #motorsport#mexicocityeprix #mexicocity #mexico,https://www.instagram.com/p/Bt0a_KblAbF/,https://scontent-iad3-1.cdninstagram.com/vp/0fad004e75230369c57fb6e0dba87301/5D14046D/t51.2885-15/sh0.08/e35/s640x640/51113250_566145913795403_7455494097623827807_n.jpg?_nc_ht=scontent-iad3-1.cdninstagram.com
2019-02-11,The #FANBOOST vote for Mexico is now open! Hit the link in our bio to give @massafelipe19 and @edomortara an edge on race day! .....#madeinmonaco #monaco #montecarlo #venturi #felipemassa #edoardomortara #susiewolff #simonadesilvestro #normannato #arthurleclerc #abbformulae #formulae #racing #motorsport #mexicocityeprix #mexicocity #mexico,https://www.instagram.com/p/Btv5nrsIxZX/,https://scontent-iad3-1.cdninstagram.com/vp/40b2d3b03bbe322f27f58500a7f9d8f9/5D265901/t51.2885-15/sh0.08/e35/s640x640/51783786_333088260636256_8834454072363203647_n.jpg?_nc_ht=scontent-iad3-1.cdninstagram.com
2019-02-07,Onwards & Upwards....#madeinmonaco #monaco #montecarlo #venturi #felipemassa #edoardomortara #susiewolff #simonadesilvestro #normannato #arthurleclerc #abbformulae #formulae #racing #motorsport #mexico #mexicocityeprix,https://www.instagram.com/p/Btk0LFRFs1F/,https://scontent-iad3-1.cdninstagram.com/vp/c2613953f59bd95a1957127b49072ee2/5D25090F/t51.2885-15/sh0.08/e35/s640x640/50826297_249549205779488_7853430467671416948_n.jpg?_nc_ht=scontent-iad3-1.cdninstagram.com
2019-02-01,Cheers to the weekend ....#madeinmonaco #monaco #montecarlo #venturi #felipemassa #edoardomortara #susiewolff #simonadesilvestro #normannato #arthurleclerc #abbformulae #formulae #racing #motorsport,https://www.instagram.com/p/BtWH5PslZKw/,https://scontent-iad3-1.cdninstagram.com/vp/14e39489bf92398ec49039d396c3b51c/5D1A652D/t51.2885-15/sh0.08/e35/s640x640/50633117_2318738478355287_6686134225048079302_n.jpg?_nc_ht=scontent-iad3-1.cdninstagram.com
2019-01-29, + .. x LAT Images..#madeinmonaco #monaco #montecarlo #venturi #felipemassa #edoardomortara #susiewolff #simonadesilvestro #normannato #arthurleclerc #abbformulae #formulae #racing #motorsport #santiagoeprix #santiago #santiagodechile #chile,https://www.instagram.com/p/BtOEeWRlZqH/,https://scontent-iad3-1.cdninstagram.com/vp/e256c124e74c2cb60be003389d78e19f/5D1B647F/t51.2885-15/sh0.08/e35/s640x640/49907588_298020307525619_1512476043700073339_n.jpg?_nc_ht=scontent-iad3-1.cdninstagram.com
2019-01-26,What a race! .....#madeinmonaco #monaco #montecarlo #venturi #felipemassa #edoardomortara #susiewolff #simonadesilvestro #normannato #arthurleclerc #abbformulae #formulae #racing #motorsport #santiagoeprix #santiago #santiagodechile #chile,https://www.instagram.com/p/BtHOq_hlkpX/,https://scontent-iad3-1.cdninstagram.com/vp/92f3abf06c10b56d1e795f94e29d4ac7/5D0909A9/t51.2885-15/sh0.08/e35/s640x640/50332542_189324915385106_4366943924621410579_n.jpg?_nc_ht=scontent-iad3-1.cdninstagram.com
2019-01-26,Race day! .....#madeinmonaco #monaco #montecarlo #venturi #felipemassa #edoardomortara #susiewolff #simonadesilvestro #normannato #arthurleclerc #abbformulae #formulae #racing #motorsport #santiagoeprix #santiago #santiagodechile #chile,https://www.instagram.com/p/BtGcEXgF52v/,https://scontent-iad3-1.cdninstagram.com/vp/d6ee47951e8eabbd6546f39b5675184c/5D15C5C5/t51.2885-15/sh0.08/e35/s640x640/49933918_171512397155802_7806936091181521725_n.jpg?_nc_ht=scontent-iad3-1.cdninstagram.com
2019-01-25,Shakedown: done  .....#madeinmonaco #monaco #montecarlo #venturi #felipemassa #edoardomortara #susiewolff #simonadesilvestro #normannato #arthurleclerc #abbformulae #formulae #racing #motorsport #santiagoeprix #santiago #santiagodechile #chile,https://www.instagram.com/p/BtEXfSyFVCs/,https://scontent-iad3-1.cdninstagram.com/vp/42160d7b6a6fb07f42e6c991f21b3e43/5D1A0B34/t51.2885-15/sh0.08/e35/s640x640/49933949_1910256602435209_4729268805029217314_n.jpg?_nc_ht=scontent-iad3-1.cdninstagram.com
2019-01-25,Almost time to put that helmet on! Shakedown starts at 18:00 GMT.....#madeinmonaco #monaco #montecarlo #venturi #felipemassa #edoardomortara #susiewolff #simonadesilvestro #normannato #arthurleclerc #abbformulae #formulae #racing #motorsport #santiagoeprix #santiago #santiagodechile #chile,https://www.instagram.com/p/BtD66pulayA/,https://scontent-iad3-1.cdninstagram.com/vp/9e4ca5190b98ffd07ff79ceebcd75b6a/5D0E94C2/t51.2885-15/sh0.08/e35/s640x640/49933553_356972845135535_3817015341487487822_n.jpg?_nc_ht=scontent-iad3-1.cdninstagram.com
2019-01-24,"Work hard, play hard ....#madeinmonaco #monaco #montecarlo #venturi #felipemassa #edoardomortara #susiewolff #simonadesilvestro #normannato #arthurleclerc #abbformulae #formulae #racing #motorsport #santiagoeprix #santiagodechile #chile #santiago",https://www.instagram.com/p/BtBqHsNlWQ-/,https://scontent-iad3-1.cdninstagram.com/vp/39dafc8e5a80ffbdfdcacdc7567ff688/5D16DB90/t51.2885-15/sh0.08/e35/s640x640/49562156_2209665312685093_546910235888054707_n.jpg?_nc_ht=scontent-iad3-1.cdninstagram.com
2019-01-21,Did someone say #bluemonday ? ...#madeinmonaco #monaco #montecarlo #venturi #felipemassa #edoardomortara #susiewolff #simonadesilvestro #normannato #arthurleclerc #abbformulae #formulae #racing #motorsport,https://www.instagram.com/p/Bs5gRjylaxj/,https://scontent-iad3-1.cdninstagram.com/vp/e0284610b623a7b41008c9b51de664ba/5D0F4629/t51.2885-15/sh0.08/e35/s640x640/49701235_643662452760177_2153898981959058562_n.jpg?_nc_ht=scontent-iad3-1.cdninstagram.com
2019-01-17," Bunch of smiles!.You know why?.In only 8 days, were back racing in Santiago ...#madeinmonaco #monaco #montecarlo #venturi #felipemassa #edoardomortara #susiewolff #simonadesilvestro #normannato #arthurleclerc #abbformulae #formulae #racing #motorsport #santiagoeprix #santiagodechile #santiago #chile",https://www.instagram.com/p/BsvRMP8lVJu/,https://scontent-iad3-1.cdninstagram.com/vp/b0a6040146901272e3fbe53133372ba1/5D0B92CC/t51.2885-15/sh0.08/e35/s640x640/49590855_1052286744957505_1103682916234988743_n.jpg?_nc_ht=scontent-iad3-1.cdninstagram.com
2019-01-16,"Sunsets, palm trees, majestic architecture Marrakesh and its exceptional backdrops Which picture do you like the best?....#madeinmonaco #monaco #montecarlo #venturi #felipemassa #edoardomortara #susiewolff #simonadesilvestro #normannato #arthurleclerc #abbformulae #formulae #racing #motorsport #marrakesheprix #morroco #marrakech #marrakesh",https://www.instagram.com/p/BssylhGlarX/,https://scontent-iad3-1.cdninstagram.com/vp/1b054e3909c6b4f6f1ece712ef2e894d/5D171D84/t51.2885-15/sh0.08/e35/s640x640/49907435_165742811065554_1924370532206911653_n.jpg?_nc_ht=scontent-iad3-1.cdninstagram.com
2019-01-14,Do you have questions from the Marrakesh E-Prix? Comment below and let us know!.....#madeinmonaco #monaco #montecarlo #venturi #felipemassa #edoardomortara #susiewolff #simonadesilvestro #normannato #arthurleclerc #abbformulae #formulae #racing #motorsport #marrakesheprix #morroco #marrakech #marrakesh,https://www.instagram.com/p/Bsnv0W2lvxt/,https://scontent-iad3-1.cdninstagram.com/vp/1d03565fb2e4a7afa267d74595d33428/5D1E0261/t51.2885-15/sh0.08/e35/s640x640/49470469_365454450706509_3611275556425747758_n.jpg?_nc_ht=scontent-iad3-1.cdninstagram.com
2019-01-14,The eyes are a total giveaway... clearly a Leclerc!  @arthur_leclerc .....#madeinmonaco #monaco #montecarlo #venturi #felipemassa #edoardomortara #susiewolff #simonadesilvestro #normannato #arthurleclerc #abbformulae #formulae #racing #motorsport #marrakesheprix #morroco #marrakech #marrakesh,https://www.instagram.com/p/BsnR5JIF4OY/,https://scontent-iad3-1.cdninstagram.com/vp/fca379fda50f9884317ebe3cd2ef6c38/5D071625/t51.2885-15/sh0.08/e35/s640x640/50140765_385564382014002_4122878359404791656_n.jpg?_nc_ht=scontent-iad3-1.cdninstagram.com
2019-01-14,At each event we are learning and we continue to make steady progress. Were only at the start of our Season 5 journey - we have plenty to look forward to @susie_wolff #MondayMotivation .....#madeinmonaco #monaco #montecarlo #venturi #felipemassa #edoardomortara #susiewolff #simonadesilvestro #normannato #arthurleclerc #abbformulae #formulae #racing #motorsport #marrakesheprix #morroco #marrakech #marrakesh,https://www.instagram.com/p/BsnAcYWFKqf/,https://scontent-iad3-1.cdninstagram.com/vp/91ab6c079bf8a43212460a3f00fa2c4c/5D1DFD9D/t51.2885-15/sh0.08/e35/s640x640/47694306_601643193620934_8579060738331842082_n.jpg?_nc_ht=scontent-iad3-1.cdninstagram.com
2019-01-13, Sunny Rookie Test with @norman_nato & @arthur_leclerc.....#madeinmonaco #monaco #montecarlo #venturi #felipemassa #edoardomortara #susiewolff #simonadesilvestro #normannato #arthurleclerc #abbformulae #formulae #racing #motorsport #marrakesheprix #morroco #marrakech #marrakesh,https://www.instagram.com/p/Bsk_5H2lJYH/,https://scontent-iad3-1.cdninstagram.com/vp/e698829f6a6e04c53af3041631f58017/5D15BAF9/t51.2885-15/sh0.08/e35/s640x640/49933827_309012979743639_9221345391976725054_n.jpg?_nc_ht=scontent-iad3-1.cdninstagram.com
2019-01-12,On to the next one! .....#madeinmonaco #monaco #montecarlo #venturi #felipemassa #edoardomortara #susiewolff #simonadesilvestro #normannato #arthurleclerc #abbformulae #formulae #racing #motorsport #marrakesheprix #morroco #marrakech #marrakesh,https://www.instagram.com/p/Bsizj3RlYYq/,https://scontent-iad3-1.cdninstagram.com/vp/360f59da4b22897dd7a586711665f3e9/5D061908/t51.2885-15/sh0.08/e35/s640x640/49459394_1982088852097045_5538239693095506225_n.jpg?_nc_ht=scontent-iad3-1.cdninstagram.com
2019-01-12,"Tough day here in Marrakesh - @edomortara P13, @massafelipe19 P18. We learn, we grow, we keep fighting .....#madeinmonaco #monaco #montecarlo #venturi #felipemassa #edoardomortara #susiewolff #simonadesilvestro #normannato #arthurleclerc #abbformulae #formulae #racing #motorsport #marrakesheprix #morroco #marrakech #marrakesh",https://www.instagram.com/p/BsimdidFb3y/,https://scontent-iad3-1.cdninstagram.com/vp/f21fae81890f05b1ddea6e086997f87d/5D0E46F0/t51.2885-15/sh0.08/e35/s640x640/49813308_231646227759918_6959970101263392000_n.jpg?_nc_ht=scontent-iad3-1.cdninstagram.com
2019-01-12,1hr until lights out! Time to saddle up........#madeinmonaco #monaco #montecarlo #venturi #felipemassa #edoardomortara #susiewolff #simonadesilvestro #normannato #arthurleclerc #abbformulae #formulae #racing #motorsport #marrakesheprix #morroco #marrakech #marrakesh,https://www.instagram.com/p/BsiY4_UlLxE/,https://scontent-iad3-1.cdninstagram.com/vp/1d23e364b03585e2c8612ea1f2e70ebd/5D1455B1/t51.2885-15/sh0.08/e35/s640x640/49708887_601906960254954_1013169909153431714_n.jpg?_nc_ht=scontent-iad3-1.cdninstagram.com
2019-01-12,"P15 @massafelipe19, @P17 @edomortara in Qualifying. They gave it their all but weve got work to do in the race. Time to dig deep .....#madeinmonaco #monaco #montecarlo #venturi #felipemassa #edoardomortara #susiewolff #simonadesilvestro #normannato #arthurleclerc #abbformulae #formulae #racing #motorsport #marrakesheprix #morroco #marrakech #marrakesh",https://www.instagram.com/p/BsiI8srFmr5/,https://scontent-iad3-1.cdninstagram.com/vp/8d6cead6e311031ac1a0be75f1df49b4/5D09F532/t51.2885-15/sh0.08/e35/s640x640/47691032_284283632191274_7027356507130664137_n.jpg?_nc_ht=scontent-iad3-1.cdninstagram.com
2019-01-12,Happy Birthday to our very own @edomortara! 32 years young today! Comment below with your messages for Edo! #HappyBirthdayEdo.....#madeinmonaco #monaco #montecarlo #venturi #felipemassa #edoardomortara #susiewolff #simonadesilvestro #normannato #arthurleclerc #abbformulae #formulae #racing #motorsport #marrakesheprix #morroco #marrakech #marrakesh,https://www.instagram.com/p/BsiDdtqFYne/,https://scontent-iad3-1.cdninstagram.com/vp/621597a052bd7ec5c61f5b95fcf2a73f/5D1CE92C/t51.2885-15/sh0.08/e35/s640x640/49548311_393609371445565_4691390744805904782_n.jpg?_nc_ht=scontent-iad3-1.cdninstagram.com
2019-01-12,Practice done!  Next stop Quali... bring it on! .....#madeinmonaco #monaco #montecarlo #venturi #felipemassa #edoardomortara #susiewolff #simonadesilvestro #normannato #arthurleclerc #abbformulae #formulae #racing #motorsport #marrakesheprix #morroco #marrakech #marrakesh,https://www.instagram.com/p/Bsh612UFKDE/,https://scontent-iad3-1.cdninstagram.com/vp/49ad5352f2b07051d9ed8b0d4cb1ae17/5D160E10/t51.2885-15/sh0.08/e35/s640x640/49858034_2203123579954154_4762455670914202690_n.jpg?_nc_ht=scontent-iad3-1.cdninstagram.com
2019-01-12,Its race day! Lets go get em! .....#madeinmonaco #monaco #montecarlo #venturi #felipemassa #edoardomortara #susiewolff #simonadesilvestro #normannato #arthurleclerc #abbformulae #formulae #racing #motorsport #marrakesheprix #morroco #marrakech #marrakesh,https://www.instagram.com/p/BshmwhcFYJD/,https://scontent-iad3-1.cdninstagram.com/vp/13554fca02f6d5d8940fbe479b92e967/5D1BE9A7/t51.2885-15/sh0.08/e35/s640x640/47691047_2197540367125101_8297474218884106511_n.jpg?_nc_ht=scontent-iad3-1.cdninstagram.com
2019-01-11,Squad .....#madeinmonaco #monaco #montecarlo #venturi #felipemassa #edoardomortara #susiewolff #simonadesilvestro #normannato #arthurleclerc #abbformulae #formulae #racing #motorsport #marrakesheprix #morroco #marrakech #marrakesh,https://www.instagram.com/p/BsgCK7ulp4A/,https://scontent-iad3-1.cdninstagram.com/vp/4afe692885b4c4d3c527e406021a7e6e/5D1D3621/t51.2885-15/sh0.08/e35/s640x640/47692858_532916447208416_8783632276278769837_n.jpg?_nc_ht=scontent-iad3-1.cdninstagram.com
2019-01-11,Shakedown time in Marrakesh! Time to get these beauties up and running .....#madeinmonaco #monaco #montecarlo #venturi #felipemassa #edoardomortara #susiewolff #simonadesilvestro #normannato #arthurleclerc #abbformulae #formulae #racing #motorsport #marrakesheprix #morroco #marrakech #marrakesh,https://www.instagram.com/p/Bsf0Bu1lGfW/,https://scontent-iad3-1.cdninstagram.com/vp/90a61989966696ebf154c2e795eb3a42/5D110965/t51.2885-15/sh0.08/e35/s640x640/49465981_233779687544094_9015728773798844353_n.jpg?_nc_ht=scontent-iad3-1.cdninstagram.com
2019-01-11,Marrakesh mornings .....#madeinmonaco #monaco #montecarlo #venturi #felipemassa #edoardomortara #susiewolff #simonadesilvestro #normannato #arthurleclerc #abbformulae #formulae #racing #motorsport #marrakesheprix #morroco #marrakech #marrakesh,https://www.instagram.com/p/BsfmV9yl7XL/,https://scontent-iad3-1.cdninstagram.com/vp/7edaa471fa1279bed9703303791eacff/5D05A4B8/t51.2885-15/sh0.08/e35/s640x640/47691287_333711224137799_1209324866322930501_n.jpg?_nc_ht=scontent-iad3-1.cdninstagram.com
2019-01-11,Power pose .....#madeinmonaco #monaco #montecarlo #venturi #felipemassa #edoardomortara #susiewolff #simonadesilvestro #normannato #arthurleclerc #abbformulae #formulae #racing #motorsport #marrakesheprix #morroco #marrakech #marrakesh,https://www.instagram.com/p/BsfONc8FNNa/,https://scontent-iad3-1.cdninstagram.com/vp/7f245b41efc23fd6f7265dcdb6299bb9/5D1B1084/t51.2885-15/sh0.08/e35/s640x640/47693276_681646498898926_8537299729865069060_n.jpg?_nc_ht=scontent-iad3-1.cdninstagram.com
2019-01-10,How many @fiaformulae drivers does it take to pour a good cup of tea? Swipe  to find out .....#madeinmonaco #monaco #montecarlo #venturi #felipemassa #edoardomortara #susiewolff #simonadesilvestro #normannato #arthurleclerc #abbformulae #formulae #racing #motorsport #marrakesheprix #morroco #marrakech #marrakesh,https://www.instagram.com/p/Bsdl_lhlki0/,https://scontent-iad3-1.cdninstagram.com/vp/80255bb988d2c509959961e54e86aa18/5D2001FA/t51.2885-15/sh0.08/e35/s640x640/49321459_406184820159541_5088827395505551776_n.jpg?_nc_ht=scontent-iad3-1.cdninstagram.com
2019-01-10,"Its a tough life, being a racing driver .....#madeinmonaco #monaco #montecarlo #venturi #felipemassa #edoardomortara #susiewolff #simonadesilvestro #normannato #arthurleclerc #abbformulae #formulae #racing #motorsport #marrakesheprix #morroco #marrakech #marrakesh",https://www.instagram.com/p/BsdOyxwFMeR/,https://scontent-iad3-1.cdninstagram.com/vp/de52ac6a2bebe86fb128cfca6e9695fe/5D0CC878/t51.2885-15/sh0.08/e35/s640x640/47584902_1063207430525033_6080777627033605272_n.jpg?_nc_ht=scontent-iad3-1.cdninstagram.com
2019-01-10,Weve arrived in Marrakesh!  Lets get to work .....#madeinmonaco #monaco #montecarlo #venturi #felipemassa #edoardomortara #susiewolff #simonadesilvestro #normannato #arthurleclerc #abbformulae #formulae #racing #motorsport #marrakesheprix #morroco #marrakech #marrakesh,https://www.instagram.com/p/BscpQu7l6Fv/,https://scontent-iad3-1.cdninstagram.com/vp/6b004e0e7097205e493b5bf60d92fee9/5D285803/t51.2885-15/sh0.08/e35/s640x640/47584006_2270589039878945_5082037246510479574_n.jpg?_nc_ht=scontent-iad3-1.cdninstagram.com
2019-01-08,Time to hit back .....#madeinmonaco #monaco #montecarlo #venturi #felipemassa #edoardomortara #susiewolff #simonadesilvestro #normannato #arthurleclerc #abbformulae #formulae #racing #motorsport,https://www.instagram.com/p/BsYPx8iocFk/,https://scontent-iad3-1.cdninstagram.com/vp/bf174c5a851a29e5ac1f36cdafd2f6be/5C7A5D5A/t51.2885-15/e15/47691738_2258667951120740_5096621987043574479_n.jpg?_nc_ht=scontent-iad3-1.cdninstagram.com
2019-01-07,We took home some key learnings from Ad Diriyah and we have plenty of work ahead over the coming races - Susie Wolff #mondaymotivation .....#madeinmonaco #monaco #montecarlo #venturi #felipemassa #edoardomortara #susiewolff #simonadesilvestro #normannato #arthurleclerc #abbformulae #formulae #racing #motorsport,https://www.instagram.com/p/BsVTIK9l_Vc/,https://scontent-iad3-1.cdninstagram.com/vp/d15a694b62486bb50eeb92da7092018e/5D27E309/t51.2885-15/sh0.08/e35/s640x640/47581593_601454423621459_4725041806164164742_n.jpg?_nc_ht=scontent-iad3-1.cdninstagram.com
2019-01-07,Its official! Rising Mongasque star @arthur_leclerc will join the team for Sundays @fiaformulae rookie test in Marrakesh alongside @norman_nato! .....#madeinmonaco #monaco #montecarlo #venturi #felipemassa #edoardomortara #susiewolff #simonadesilvestro #normannato #arthurleclerc #abbformulae #formulae #racing #motorsport,https://www.instagram.com/p/BsU2ZrtlFA_/,https://scontent-iad3-1.cdninstagram.com/vp/ffb839c222ca5dd5c8826a4db427b486/5D14C420/t51.2885-15/sh0.08/e35/s640x640/47694030_797418173931048_8278102215045931783_n.jpg?_nc_ht=scontent-iad3-1.cdninstagram.com
2019-01-03,Whos your next #fanboost going to? .....#madeinmonaco #monaco #montecarlo #venturi #felipemassa #edoardomortara #susiewolff #simonadesilvestro #normannato #abbformulae #formulae #racing #motorsport,https://www.instagram.com/p/BsLXflPFFyV/,https://scontent-iad3-1.cdninstagram.com/vp/93bbd82a675de5958abaaac699be6757/5D0FC89B/t51.2885-15/sh0.08/e35/s640x640/49489177_1958678344187989_3778235640120460990_n.jpg?_nc_ht=scontent-iad3-1.cdninstagram.com
2019-01-03,Whats that coming over the hill? Is it a Massa? Is it a Massa? .....#madeinmonaco #monaco #montecarlo #venturi #felipemassa #edoardomortara #susiewolff #simonadesilvestro #normannato #abbformulae #formulae #racing #motorsport,https://www.instagram.com/p/BsK_OjZFfCG/,https://scontent-iad3-1.cdninstagram.com/vp/6dd32eeae5ff3a2c91efd7805dab8f82/5D123A84/t51.2885-15/sh0.08/e35/s640x640/47581951_335491057050910_2017097951487872512_n.jpg?_nc_ht=scontent-iad3-1.cdninstagram.com
2019-01-02,Blue Steel .....#madeinmonaco #monaco #montecarlo #venturi #felipemassa #edoardomortara #susiewolff #simonadesilvestro #normannato #abbformulae #formulae #racing #motorsport,https://www.instagram.com/p/BsI0xkmF9xQ/,https://scontent-iad3-1.cdninstagram.com/vp/e75b7187ee597271dab3ae7e966d4395/5D182C79/t51.2885-15/sh0.08/e35/s640x640/47691600_530485410787711_1242557168509097383_n.jpg?_nc_ht=scontent-iad3-1.cdninstagram.com
2019-01-02,Pushing the boundaries .....#madeinmonaco #monaco #montecarlo #venturi #felipemassa #edoardomortara #susiewolff #simonadesilvestro #normannato #abbformulae #formulae #racing #motorsport,https://www.instagram.com/p/BsIjrNXFbvK/,https://scontent-iad3-1.cdninstagram.com/vp/306a08880c6d820314b9f2cd52f06e74/5D0C8B7C/t51.2885-15/sh0.08/e35/s640x640/47586049_390349674872789_8763726837593572055_n.jpg?_nc_ht=scontent-iad3-1.cdninstagram.com
2019-01-02,Back to work vibes .....#madeinmonaco #monaco #montecarlo #venturi #felipemassa #edoardomortara #susiewolff #simonadesilvestro #normannato #abbformulae #formulae #racing #motorsport,https://www.instagram.com/p/BsILr2Tlqzf/,https://scontent-iad3-1.cdninstagram.com/vp/1a8dbf1d30272e4fd990b78ed4391d44/5D1641A2/t51.2885-15/sh0.08/e35/s640x640/47585670_270410520299992_5859573837563864062_n.jpg?_nc_ht=scontent-iad3-1.cdninstagram.com
2019-01-01,Happy New Year! 2019.....#madeinmonaco #monaco #montecarlo #venturi #felipemassa #edoardomortara #susiewolff #simonadesilvestro #normannato #abbformulae #formulae #racing #motorsport #happynewyear #happynewyear2019,https://www.instagram.com/p/BsF3BXml4Yl/,https://scontent-iad3-1.cdninstagram.com/vp/06c756858510b1d845e635b5f58c6307/5D1984A4/t51.2885-15/sh0.08/e35/s640x640/47582720_605846059852186_3348433032622612441_n.jpg?_nc_ht=scontent-iad3-1.cdninstagram.com
2018-12-31,"Head down, into the New Year! .....#madeinmonaco #monaco #montecarlo #venturi #felipemassa #edoardomortara #susiewolff #simonadesilvestro #normannato #abbformulae #formulae #racing #motorsport",https://www.instagram.com/p/BsDTEM4FUF8/,https://scontent-iad3-1.cdninstagram.com/vp/7b095d71f13af0e1796bff00fc6dc8ac/5D23BAC9/t51.2885-15/sh0.08/e35/s640x640/47581473_107549073547758_2656961914884027121_n.jpg?_nc_ht=scontent-iad3-1.cdninstagram.com
2018-12-31,.....#madeinmonaco #monaco #montecarlo #venturi #felipemassa #edoardomortara #susiewolff #simonadesilvestro #normannato #abbformulae #formulae #racing #motorsport,https://www.instagram.com/p/BsDB7fVF7N9/,https://scontent-iad3-1.cdninstagram.com/vp/5d11f065a636d542ea0024b4ed2aeffd/5D0860ED/t51.2885-15/sh0.08/e35/s640x640/47291703_781497198879634_88929899157223263_n.jpg?_nc_ht=scontent-iad3-1.cdninstagram.com
2018-12-30,Saddle up! .....#madeinmonaco #monaco #montecarlo #venturi #felipemassa #edoardomortara #susiewolff #simonadesilvestro #normannato #abbformulae #formulae #racing #motorsport,https://www.instagram.com/p/BsBcVviFfrw/,https://scontent-iad3-1.cdninstagram.com/vp/4f15594b22a66eb8b7e33892eb91cec5/5D2743F4/t51.2885-15/sh0.08/e35/s640x640/47691302_1014285442091630_3384368321625312006_n.jpg?_nc_ht=scontent-iad3-1.cdninstagram.com
2018-12-30,Battle scars .....#madeinmonaco #monaco #montecarlo #venturi #felipemassa #edoardomortara #susiewolff #simonadesilvestro #normannato #abbformulae #formulae #racing #motorsport,https://www.instagram.com/p/BsBPBXVl2Qt/,https://scontent-iad3-1.cdninstagram.com/vp/87255282bd42671a530a47f853be37eb/5D278989/t51.2885-15/sh0.08/e35/s640x640/47694810_779744449045648_1303926645867724899_n.jpg?_nc_ht=scontent-iad3-1.cdninstagram.com
2018-12-30,"Rain or shine, its always game time .....#madeinmonaco #monaco #montecarlo #venturi #felipemassa #edoardomortara #susiewolff #simonadesilvestro #normannato #abbformulae #formulae #racing #motorsport",https://www.instagram.com/p/BsA6SczlmNr/,https://scontent-iad3-1.cdninstagram.com/vp/924a65b70af275b04671a7978435ddc3/5D21C0ED/t51.2885-15/sh0.08/e35/s640x640/49933644_2153126461440875_7854859760448171107_n.jpg?_nc_ht=scontent-iad3-1.cdninstagram.com
2018-12-30,48.....#madeinmonaco #monaco #montecarlo #venturi #felipemassa #edoardomortara #susiewolff #simonadesilvestro #normannato #abbformulae #formulae #racing #motorsport,https://www.instagram.com/p/BsArguwlcw0/,https://scontent-iad3-1.cdninstagram.com/vp/17639e518b0c5584d0a4b80443e8b09a/5D05FBAD/t51.2885-15/sh0.08/e35/s640x640/46857019_525021191350607_3400189454582804229_n.jpg?_nc_ht=scontent-iad3-1.cdninstagram.com
2018-12-29,.....#madeinmonaco #monaco #montecarlo #venturi #felipemassa #edoardomortara #susiewolff #simonadesilvestro #normannato #abbformulae #formulae #racing #motorsport,https://www.instagram.com/p/Br-sC6Gldl1/,https://scontent-iad3-1.cdninstagram.com/vp/562cc20eed5f9c6af6946f93963fb497/5D23BB69/t51.2885-15/sh0.08/e35/s640x640/46880034_2072052099549061_7032973468030370634_n.jpg?_nc_ht=scontent-iad3-1.cdninstagram.com
2018-12-29,Blink and youll miss it .....#madeinmonaco #monaco #montecarlo #venturi #felipemassa #edoardomortara #susiewolff #simonadesilvestro #normannato #abbformulae #formulae #racing #motorsport,https://www.instagram.com/p/Br-a8Vnl1gh/,https://scontent-iad3-1.cdninstagram.com/vp/bda6b92869b858b199d68c070b317805/5D162D36/t51.2885-15/sh0.08/e35/s640x640/47459603_318294412122022_4218909870365271779_n.jpg?_nc_ht=scontent-iad3-1.cdninstagram.com
2018-12-29,Counting the hours until race day like........#madeinmonaco #monaco #montecarlo #venturi #felipemassa #edoardomortara #susiewolff #simonadesilvestro #normannato #abbformulae #formulae #racing #motorsport,https://www.instagram.com/p/Br95yO1lVNN/,https://scontent-iad3-1.cdninstagram.com/vp/6aa4ccc01f7b030b544e21c7da7f6e4b/5D033315/t51.2885-15/sh0.08/e35/s640x640/46234631_517036092140818_680058806293793732_n.jpg?_nc_ht=scontent-iad3-1.cdninstagram.com
2018-12-28,Peekaboo .....#madeinmonaco #monaco #montecarlo #venturi #felipemassa #edoardomortara #susiewolff #simonadesilvestro #normannato #abbformulae #formulae #racing #motorsport,https://www.instagram.com/p/Br75sBCFyHz/,https://scontent-iad3-1.cdninstagram.com/vp/e1af1028c2cc5eb52f82532a56514583/5D220C92/t51.2885-15/sh0.08/e35/s640x640/47585302_1171390176345179_7345037672679594638_n.jpg?_nc_ht=scontent-iad3-1.cdninstagram.com
2018-12-28,Making tracks .....#madeinmonaco #monaco #montecarlo #venturi #felipemassa #edoardomortara #susiewolff #simonadesilvestro #normannato #abbformulae #formulae #racing #motorsport,https://www.instagram.com/p/Br7WBW-Fkqi/,https://scontent-iad3-1.cdninstagram.com/vp/560dc6dbd74c4a3a8a62cfbef82e754d/5D04A60A/t51.2885-15/sh0.08/e35/s640x640/47689818_830499367282140_2889508656950119285_n.jpg?_nc_ht=scontent-iad3-1.cdninstagram.com
2018-12-27,This guy .....#madeinmonaco #monaco #montecarlo #venturi #felipemassa #edoardomortara #susiewolff #simonadesilvestro #normannato #abbformulae #formulae #racing #motorsport,https://www.instagram.com/p/Br5asGyFNin/,https://scontent-iad3-1.cdninstagram.com/vp/386cbb90d7531c8c0a3b87011ef4afb3/5D09DC94/t51.2885-15/sh0.08/e35/s640x640/47692823_331276584137951_7170195802598495688_n.jpg?_nc_ht=scontent-iad3-1.cdninstagram.com
2018-12-27,.....#madeinmonaco #monaco #montecarlo #venturi #felipemassa #edoardomortara #susiewolff #simonadesilvestro #normannato #abbformulae #formulae #racing #motorsport,https://www.instagram.com/p/Br5BlaUFp69/,https://scontent-iad3-1.cdninstagram.com/vp/644b4bf934e09e83b6ae945d15d4303d/5D02204F/t51.2885-15/sh0.08/e35/s640x640/43578331_349570889158245_504960208229346502_n.jpg?_nc_ht=scontent-iad3-1.cdninstagram.com
2018-12-27,Tools of the trade .....#madeinmonaco #monaco #montecarlo #venturi #felipemassa #edoardomortara #susiewolff #simonadesilvestro #normannato #abbformulae #formulae #racing #motorsport,https://www.instagram.com/p/Br4rMJDlNxc/,https://scontent-iad3-1.cdninstagram.com/vp/eea85d49462a01a4dadc97a8af6e23d2/5D02D480/t51.2885-15/sh0.08/e35/s640x640/47586142_349612702506371_2133263338775676151_n.jpg?_nc_ht=scontent-iad3-1.cdninstagram.com
2018-12-26,Apex hunting .....#madeinmonaco #monaco #montecarlo #venturi #felipemassa #edoardomortara #susiewolff #simonadesilvestro #normannato #abbformulae #formulae #racing #motorsport,https://www.instagram.com/p/Br21qUPl0nA/,https://scontent-iad3-1.cdninstagram.com/vp/c155f12a1c0009c71d71eaa5b49d7008/5D24E5E6/t51.2885-15/sh0.08/e35/s640x640/47582997_1795603343882879_6784798625427393179_n.jpg?_nc_ht=scontent-iad3-1.cdninstagram.com
2018-12-26,Its all in the detail... just ask @hpe .....#madeinmonaco #monaco #montecarlo #venturi #felipemassa #edoardomortara #susiewolff #simonadesilvestro #normannato #abbformulae #formulae #racing #motorsport,https://www.instagram.com/p/Br2XwkXFPxF/,https://scontent-iad3-1.cdninstagram.com/vp/c92a841e3a479334ac0a7682a5051c19/5D0C243E/t51.2885-15/sh0.08/e35/s640x640/47585032_158366598462446_925342326590403422_n.jpg?_nc_ht=scontent-iad3-1.cdninstagram.com
2018-12-25,Edoardo Claus is coming to town! .....#madeinmonaco #monaco #montecarlo #venturi #felipemassa #edoardomortara #susiewolff #simonadesilvestro #normannato #abbformulae #formulae #racing #motorsport,https://www.instagram.com/p/Br0MyJDFKU1/,https://scontent-iad3-1.cdninstagram.com/vp/a352034b2ad49eb75d1353942602852c/5D0EBD50/t51.2885-15/sh0.08/e35/s640x640/46753381_372467083315411_992421875886628582_n.jpg?_nc_ht=scontent-iad3-1.cdninstagram.com
2018-12-24,Suit up .....#madeinmonaco #monaco #montecarlo #venturi #felipemassa #edoardomortara #susiewolff #simonadesilvestro #normannato #abbformulae #formulae #racing #motorsport,https://www.instagram.com/p/Brx3TGll2ai/,https://scontent-iad3-1.cdninstagram.com/vp/f43dbd15bccc07a07c4308a56807ff79/5D1EF8F5/t51.2885-15/sh0.08/e35/s640x640/46234629_294734634581065_3035854062942199687_n.jpg?_nc_ht=scontent-iad3-1.cdninstagram.com
2018-12-24,Love takes many forms .....#madeinmonaco #monaco #montecarlo #venturi #felipemassa #edoardomortara #susiewolff #simonadesilvestro #normannato #abbformulae #formulae #racing #motorsport,https://www.instagram.com/p/BrxjzL8le54/,https://scontent-iad3-1.cdninstagram.com/vp/d5be8e48e34a2db3c91f09c99900cfd2/5D272AE6/t51.2885-15/sh0.08/e35/s640x640/46112336_326136204779829_2038803909722546148_n.jpg?_nc_ht=scontent-iad3-1.cdninstagram.com
2018-12-24,Ready for action........#madeinmonaco #monaco #montecarlo #venturi #felipemassa #edoardomortara #susiewolff #simonadesilvestro #normannato #abbformulae #formulae #racing #motorsport,https://www.instagram.com/p/BrxH96gFiVn/,https://scontent-iad3-1.cdninstagram.com/vp/4a30f88609d58b6a48fa9e09a93dceac/5D1A6481/t51.2885-15/sh0.08/e35/s640x640/47215777_2214529458806969_6748675184851410581_n.jpg?_nc_ht=scontent-iad3-1.cdninstagram.com
2018-12-24,Waiting for the next race like........#madeinmonaco #monaco #montecarlo #venturi #felipemassa #edoardomortara #susiewolff #simonadesilvestro #normannato #abbformulae #formulae #racing #motorsport,https://www.instagram.com/p/Brw0Qr1lab1/,https://scontent-iad3-1.cdninstagram.com/vp/1dc83ad8bf181d24ab71fac1dbad740c/5D0E327F/t51.2885-15/sh0.08/e35/s640x640/46427691_1930450087046725_128569502906660235_n.jpg?_nc_ht=scontent-iad3-1.cdninstagram.com
2018-12-23,Those sweeping curves... and the track was pretty spectacular too .....#madeinmonaco #monaco #montecarlo #venturi #felipemassa #edoardomortara #susiewolff #simonadesilvestro #normannato #abbformulae #formulae #racing #motorsport,https://www.instagram.com/p/BrvZoNrl1gs/,https://scontent-iad3-1.cdninstagram.com/vp/96493f0a7d4c60d0f34755aa1913420f/5D0F0329/t51.2885-15/sh0.08/e35/s640x640/45538671_2249073165375880_8963472923956118091_n.jpg?_nc_ht=scontent-iad3-1.cdninstagram.com
2018-12-23,Lid game = .....#madeinmonaco #monaco #montecarlo #venturi #felipemassa #edoardomortara #susiewolff #simonadesilvestro #normannato #abbformulae #formulae #racing #motorsport,https://www.instagram.com/p/Bru5whUlDLA/,https://scontent-iad3-1.cdninstagram.com/vp/2d0766c169d830f74be85fcfb1d4e5c9/5D1516CF/t51.2885-15/sh0.08/e35/s640x640/46531922_631414103940292_8415891505941368653_n.jpg?_nc_ht=scontent-iad3-1.cdninstagram.com
2018-12-23,Guess who... .....#madeinmonaco #monaco #montecarlo #venturi #felipemassa #edoardomortara #susiewolff #simonadesilvestro #normannato #abbformulae #formulae #racing #motorsport,https://www.instagram.com/p/BruUoHOl2uw/,https://scontent-iad3-1.cdninstagram.com/vp/71adc412d7c1cbc9d8b29297b5356414/5D100681/t51.2885-15/sh0.08/e35/s640x640/47428279_140808136910049_6569710792458567067_n.jpg?_nc_ht=scontent-iad3-1.cdninstagram.com
2018-12-22,Round 1 went by in a blur... bring on the next one! .....#madeinmonaco #monaco #montecarlo #venturi #felipemassa #edoardomortara #susiewolff #simonadesilvestro #normannato #abbformulae #formulae #racing #motorsport,https://www.instagram.com/p/Brs4czrlVvO/,https://scontent-iad3-1.cdninstagram.com/vp/9f75c58855d356c4e692442068aefc90/5D0F34BB/t51.2885-15/sh0.08/e35/s640x640/46951024_445549032646022_8705862952162917066_n.jpg?_nc_ht=scontent-iad3-1.cdninstagram.com
2018-12-22,.....#madeinmonaco #monaco #montecarlo #venturi #felipemassa #edoardomortara #susiewolff #simonadesilvestro #normannato #abbformulae #formulae #racing #motorsport,https://www.instagram.com/p/Brsemi2FMNy/,https://scontent-iad3-1.cdninstagram.com/vp/0f6c6dfbd27cb83bd1fd3c33867c4e12/5D1B5404/t51.2885-15/sh0.08/e35/s640x640/46375995_2182951938402436_8310942218359796935_n.jpg?_nc_ht=scontent-iad3-1.cdninstagram.com
2018-12-22,.....#madeinmonaco #monaco #montecarlo #venturi #felipemassa #edoardomortara #susiewolff #simonadesilvestro #normannato #abbformulae #formulae #racing #motorsport,https://www.instagram.com/p/BrrzBqWFrX7/,https://scontent-iad3-1.cdninstagram.com/vp/ab851bd119c92b5f62fecd9b11dbac82/5D0362C3/t51.2885-15/sh0.08/e35/s640x640/47013124_348448535953650_4410683634850066972_n.jpg?_nc_ht=scontent-iad3-1.cdninstagram.com
2018-12-21,Already buzzing for the next battle .....#madeinmonaco #monaco #montecarlo #venturi #felipemassa #edoardomortara #susiewolff #simonadesilvestro #normannato #abbformulae #formulae #racing #motorsport,https://www.instagram.com/p/Brp7XDYFxTE/,https://scontent-iad3-1.cdninstagram.com/vp/bd1b6dfdadd0da6313f391456fc3101f/5D2108A6/t51.2885-15/sh0.08/e35/s640x640/47188366_373724756722799_1508089893465428164_n.jpg?_nc_ht=scontent-iad3-1.cdninstagram.com
2018-12-21,EDO .....#madeinmonaco #monaco #montecarlo #venturi #felipemassa #edoardomortara #susiewolff #simonadesilvestro #normannato #abbformulae #formulae #racing #motorsport,https://www.instagram.com/p/BrpqeejF0PJ/,https://scontent-iad3-1.cdninstagram.com/vp/781daf317f136c09604a96f576c7b39a/5D234698/t51.2885-15/sh0.08/e35/s640x640/47581185_2297980910435664_2720785574542349654_n.jpg?_nc_ht=scontent-iad3-1.cdninstagram.com
2018-12-21,Give us a  if youve got that #FridayFeeling!.....#madeinmonaco #monaco #montecarlo #venturi #felipemassa #edoardomortara #susiewolff #simonadesilvestro #normannato #abbformulae #formulae #racing #motorsport,https://www.instagram.com/p/BrpaAqylmts/,https://scontent-iad3-1.cdninstagram.com/vp/7bdc005f287633726001a7a2c348b790/5D102CDD/t51.2885-15/sh0.08/e35/s640x640/47689760_262516684417220_7091865302722917521_n.jpg?_nc_ht=scontent-iad3-1.cdninstagram.com
2018-12-20,Racecraft 101: Always look through the corner... .....#madeinmonaco #monaco #montecarlo #venturi #felipemassa #edoardomortara #susiewolff #simonadesilvestro #normannato #abbformulae #formulae #racing #motorsport,https://www.instagram.com/p/BrnRvDklpud/,https://scontent-iad3-1.cdninstagram.com/vp/7dd91998186ab52059a3afc85ef059cb/5D1C412C/t51.2885-15/sh0.08/e35/s640x640/47096485_209412533297032_5701291772821132107_n.jpg?_nc_ht=scontent-iad3-1.cdninstagram.com
2018-12-20,Team: Give us that sweet @hpe look. Paint Shop: Say no more... .....#madeinmonaco #monaco #montecarlo #venturi #felipemassa #edoardomortara #susiewolff #abbformulae #formulae #racing #motorsport,https://www.instagram.com/p/Brm1CHVFzzz/,https://scontent-iad3-1.cdninstagram.com/vp/3f3c5203859ec788f7251a9f1bf8072f/5D0F2B3D/t51.2885-15/sh0.08/e35/s640x640/46672287_535083036966022_8500575149478699501_n.jpg?_nc_ht=scontent-iad3-1.cdninstagram.com
2018-12-19,.....#madeinmonaco #monaco #montecarlo #venturi #felipemassa #abbformulae #formulae #racing #motorsport,https://www.instagram.com/p/Brk1CidlDIQ/,https://scontent-iad3-1.cdninstagram.com/vp/fa83ba10ac3fb6541c1523681acb0409/5D2167A3/t51.2885-15/sh0.08/e35/s640x640/46633261_595248657597345_7662684804900809007_n.jpg?_nc_ht=scontent-iad3-1.cdninstagram.com
2018-12-19,Awesome from every angle. @fiaformulae Gen2 = .....#madeinmonaco #monaco #montecarlo #venturi #edoardomortara #abbformulae #formulae #racing #motorsport,https://www.instagram.com/p/BrkcvLJFnWi/,https://scontent-iad3-1.cdninstagram.com/vp/723fc5fcc1f3e1cc463f4cc0310d72a0/5D1B4770/t51.2885-15/sh0.08/e35/s640x640/46217667_524912574681724_372576870078790755_n.jpg?_nc_ht=scontent-iad3-1.cdninstagram.com
2018-12-19,No prizes for guessing whos wearing these iconic colours... #FM19 .....#madeinmonaco #monaco #montecarlo #venturi #felipemassa #abbformulae #formulae #racing #motorsport,https://www.instagram.com/p/BrkBfd1FFBW/,https://scontent-iad3-1.cdninstagram.com/vp/742232d3fe08ab46a65c9ed483bc3c57/5D0B718C/t51.2885-15/sh0.08/e35/s640x640/46822622_1846445562131212_4134469246755905439_n.jpg?_nc_ht=scontent-iad3-1.cdninstagram.com
2018-12-18,How would you sum up the weekend in one emoji?.....#madeinmonaco #monaco #montecarlo #venturi #felipemassa #edoardomortara #abbformulae #formulae #racing #motorsport,https://www.instagram.com/p/Brhp19dljCi/,https://scontent-iad3-1.cdninstagram.com/vp/a6b474dfdb7fc1ae2139b15a78aff454/5D188F7C/t51.2885-15/sh0.08/e35/s640x640/45304252_406569253214834_4613046257505029078_n.jpg?_nc_ht=scontent-iad3-1.cdninstagram.com
2018-12-17," Ooh na na, whats our name? .....#madeinmonaco #monaco #montecarlo #venturi #felipemassa #edoardomortara #abbformulae #formulae #racing #motorsport #addiriyaheprix",https://www.instagram.com/p/BrfrTGil332/,https://scontent-iad3-1.cdninstagram.com/vp/7f17c521d6d355f146e2265de74dbc99/5D053BED/t51.2885-15/sh0.08/e35/s640x640/46273785_2078956885502610_8349897761571750489_n.jpg?_nc_ht=scontent-iad3-1.cdninstagram.com
2018-12-17,Awesome to have @simonadesilvestro in the car during yesterdays @fiaformulae test! Top job from our new recruit! .....#madeinmonaco #monaco #montecarlo #venturi #simonadesilvestro #abbformulae #formulae #racing #motorsport #addiriyaheprix,https://www.instagram.com/p/BrfQHMnF2n5/,https://scontent-iad3-1.cdninstagram.com/vp/50fad349dedb036204ffd85ef9cb3c52/5D259619/t51.2885-15/sh0.08/e35/s640x640/47692328_355542785275120_8044465472147085748_n.jpg?_nc_ht=scontent-iad3-1.cdninstagram.com
2018-12-17,#mondaymotivation Felipe Massa style! He was an absolute beast on Saturday... what a way to introduce yourself!  x @fiaformulae .....#madeinmonaco #monaco #montecarlo #venturi #felipemassa #abbformulae #formulae #racing #motorsport #addiriyaheprix,https://www.instagram.com/p/Bre0MJPhqUB/,https://scontent-iad3-1.cdninstagram.com/vp/623803e0ca115337673dc485e7b07301/5C7A3BAB/t51.2885-15/e15/47586241_2081329921927014_9029919365298524001_n.jpg?_nc_ht=scontent-iad3-1.cdninstagram.com
2018-12-16,"Whats that, @hpe? You want MOR car detail shots? Oh, go on then .....#madeinmonaco #monaco #montecarlo #venturi #edoardomortara #abbformulae #formulae #racing #motorsport #hpe #hewlettpackard",https://www.instagram.com/p/BrdEyVIFvqd/,https://scontent-iad3-1.cdninstagram.com/vp/535589d7653e3c5d73435486f3b62599/5D17B651/t51.2885-15/sh0.08/e35/s640x640/46292423_204397163800824_8407920386605185297_n.jpg?_nc_ht=scontent-iad3-1.cdninstagram.com
2018-12-15,It just wasn't @edomortara's weekend... but you know what? He's a fighter - bring on the next battle! .....#madeinmonaco #monaco #montecarlo #venturi #edoardomortara #abbformulae #formulae #racing #motorsport #addiriyaheprix,https://www.instagram.com/p/BraRMoqlOzW/,https://scontent-iad3-1.cdninstagram.com/vp/eb10320f0ae12b71b2922335e7ba35ba/5D0B5318/t51.2885-15/sh0.08/e35/s640x640/46997216_542954909554581_6570742639236540590_n.jpg?_nc_ht=scontent-iad3-1.cdninstagram.com
2018-12-15,Fantastic drive from @MassaFelipe19 - action packed from start to finish! Luck wasn't with him in the race with a penalty relegating him to P14 but he's proven a point today! .....#madeinmonaco #monaco #montecarlo #venturi #felipemassa #abbformulae #formulae #racing #motorsport #addiriyaheprix,https://www.instagram.com/p/BraMvF2l8P1/,https://scontent-iad3-1.cdninstagram.com/vp/b32593eaae8d4c2d720a77a3fb7610df/5D1C9444/t51.2885-15/sh0.08/e35/s640x640/47586261_123198465369797_3270953850208340874_n.jpg?_nc_ht=scontent-iad3-1.cdninstagram.com
2018-12-15,When @massafelipe19 met @waynerooney... .....#madeinmonaco #monaco #montecarlo #venturi #formulae #abbformulae #motorsport #racing #felipemassa #massa #waynerooney #rooney #brazil #england #football #soccer,https://www.instagram.com/p/BrZ7K5ZljYH/,https://scontent-iad3-1.cdninstagram.com/vp/fcfc2446c87a82fa6f12a572bf8182fa/5D08DF21/t51.2885-15/sh0.08/e35/s640x640/46567720_270493243638884_8509544922514806594_n.jpg?_nc_ht=scontent-iad3-1.cdninstagram.com
2018-12-15,"Rain delays and red flags make for a tricky morning, with @edomortara P16 and @massafelipe19 P19 on the grid. But were up for the fight - bring on the race! .....#madeinmonaco #monaco #montecarlo #venturi #felipemassa #edoardomortara #abbformulae #formulae #racing #motorsport #addiriyaheprix",https://www.instagram.com/p/BrZ0n7ylOSi/,https://scontent-iad3-1.cdninstagram.com/vp/351fd8f58d23283b4702942c84a5891d/5D1BD8B5/t51.2885-15/sh0.08/e35/s640x640/46700962_120942968932003_4428814376073978185_n.jpg?_nc_ht=scontent-iad3-1.cdninstagram.com
2018-12-15,Is it a bird?  Is it a plane?  Is it an x-wing fighter?!  No... its a #gen2 car! .....#madeinmonaco #monaco #montecarlo #venturi #felipemassa #edoardomortara #abbformulae #formulae #racing #motorsport #addiriyaheprix,https://www.instagram.com/p/BrZhqR5lXV6/,https://scontent-iad3-1.cdninstagram.com/vp/20697d38bb35c6be11f8174d28139dc4/5D1F555F/t51.2885-15/sh0.08/e35/s640x640/46705558_2218162008397133_5909872814656596459_n.jpg?_nc_ht=scontent-iad3-1.cdninstagram.com
2018-12-15,The class of Season 5 .....#madeinmonaco #monaco #montecarlo #venturi #felipemassa #edoardomortara #abbformulae #formulae #racing #motorsport #addiriyaheprix,https://www.instagram.com/p/BrZSqM-lIo5/,https://scontent-iad3-1.cdninstagram.com/vp/bbfdd200183feaef1e50b3b27e091abd/5D26BE92/t51.2885-15/sh0.08/e35/s640x640/46827722_2167191723535758_8824279873641878505_n.jpg?_nc_ht=scontent-iad3-1.cdninstagram.com
2018-12-14,Time to hit the track for the very first time with @hpe accelerating our performance! Lets go get em! .....#madeinmonaco #monaco #montecarlo #venturi #felipemassa #edoardomortara #abbformulae #formulae #racing #motorsport #addiriyaheprix,https://www.instagram.com/p/BrXhhsjlL5Q/,https://scontent-iad3-1.cdninstagram.com/vp/6c80c9e30eee7bff6e24c4ecd813a397/5D0FB25F/t51.2885-15/sh0.08/e35/s640x640/46855886_320955102090068_1487462341043975655_n.jpg?_nc_ht=scontent-iad3-1.cdninstagram.com
2018-12-14,"Edo means business in Season 5... seriously, look at the size of those arms! #gains .....#madeinmonaco #monaco #montecarlo #venturi #edoardomortara #abbformulae #formulae #racing #motorsport #addiriyaheprix",https://www.instagram.com/p/BrXXs0olmtQ/,https://scontent-iad3-1.cdninstagram.com/vp/eb4cb7287bb20357b047c592e06d68b2/5D25488E/t51.2885-15/sh0.08/e35/s640x640/46225362_450792802118424_1016121797335462803_n.jpg?_nc_ht=scontent-iad3-1.cdninstagram.com
2018-12-14,This guy is ready to race! .....#madeinmonaco #monaco #montecarlo #venturi #felipemassa #abbformulae #formulae #racing #motorsport #addiriyaheprix,https://www.instagram.com/p/BrXBMuyF36t/,https://scontent-iad3-1.cdninstagram.com/vp/bdc09a01286ae46b5eab788ab8c4de9c/5D1FA231/t51.2885-15/sh0.08/e35/s640x640/46371029_2363358423736358_5928137691361874838_n.jpg?_nc_ht=scontent-iad3-1.cdninstagram.com
2018-12-13,This snap is right on the nose... #seewhatwedidthere .....#madeinmonaco #monaco #montecarlo #venturi #felipemassa #edoardomortara #abbformulae #formulae #racing #motorsport #addiriyaheprix,https://www.instagram.com/p/BrU0kQSlOnV/,https://scontent-iad3-1.cdninstagram.com/vp/d3cd3a41afc3963db85111603a7ff4f0/5D07DC0C/t51.2885-15/sh0.08/e35/s640x640/47107726_490361138038474_3153844560153618351_n.jpg?_nc_ht=scontent-iad3-1.cdninstagram.com
2018-12-13,Time to get rolling........#madeinmonaco #monaco #montecarlo #venturi #felipemassa #edoardomortara #abbformulae #racing #motorsport #addiriyaheprix,https://www.instagram.com/p/BrUaN0BFE9l/,https://scontent-iad3-1.cdninstagram.com/vp/9c87f2d7417f3f90b94ea624b65543ee/5D21CBC4/t51.2885-15/sh0.08/e35/s640x640/46063501_513431515825066_2965296938746208184_n.jpg?_nc_ht=scontent-iad3-1.cdninstagram.com
2018-12-10,"The wait is finally over... @massafelipe19, ready @edomortara, ready And you guys, ready#MondayMotivation#MadeInMonaco#ABBFormulaE",https://www.instagram.com/p/BrNByp8lfjS/,https://scontent-iad3-1.cdninstagram.com/vp/e1689956f6f829e187921480eddc7644/5C7A0379/t51.2885-15/e15/s640x640/46540347_2255772311335944_7765961836072138632_n.jpg?_nc_ht=scontent-iad3-1.cdninstagram.com
2018-12-07,"Happy to have Norman Nato in our team as reserve driver. Welcome, @norman_nato!   Full story on our website: www.venturi.com/norman-nato-named-reserve-driver/ @cindydupontphoto #VENTURI #MadeInMonaco #ABBFormulaE",https://www.instagram.com/p/BrFUcycF31I/,https://scontent-iad3-1.cdninstagram.com/vp/413ab1522b84df4a62ffe48d9968a5e3/5D161293/t51.2885-15/sh0.08/e35/s640x640/45823276_289725435010610_629024916246143498_n.jpg?_nc_ht=scontent-iad3-1.cdninstagram.com
2018-12-06,We tried to get a beautiful family portrait for Susie's birthday... This will have to do #HappyBirthday @susie_wolff!,https://www.instagram.com/p/BrCqo8rF2SP/,https://scontent-iad3-1.cdninstagram.com/vp/4a63ab77bf2858e4127270b802ecff2a/5D1F4EFC/t51.2885-15/sh0.08/e35/s640x640/47163227_2206269026311855_445484139792337756_n.jpg?_nc_ht=scontent-iad3-1.cdninstagram.com
2018-12-05,We are delighted to announce @HPE as Official Technology Partner. Welcome! #VENTURI #MadeInMonaco #ABBFormulaE,https://www.instagram.com/p/BrAiDP3FrfG/,https://scontent-iad3-1.cdninstagram.com/vp/0a4475755d1e18900e3d8449fa0f1c7a/5D2790C3/t51.2885-15/sh0.08/e35/s640x640/46790741_205810473670730_6367818550739841786_n.jpg?_nc_ht=scontent-iad3-1.cdninstagram.com
2018-11-30,"Very thrilling afternoon with His Serene Highness Prince Albert II. VENTURI ANTARCTICA, the first electric polar exploration vehicle, has been launched today at the Princes Palace in Monaco by VENTURI Automobiles. #VENTURI #Antarctica #MadeInMonaco #VenturiGlobalChallenges",https://www.instagram.com/p/Bq0GQl_F0Bd/,https://scontent-iad3-1.cdninstagram.com/vp/565b4e2f83008e7077a663c554c495d5/5D28CE4C/t51.2885-15/sh0.08/e35/s640x640/46411696_253811828623655_5031650918186449742_n.jpg?_nc_ht=scontent-iad3-1.cdninstagram.com
2018-11-23,#Repost @fiaformulae Who said beauty is only skin-deep?  #Gen2#ABBFormulaE #motorsport #technology #transformation,https://www.instagram.com/p/BqhQg-wlSry/,https://scontent-iad3-1.cdninstagram.com/vp/d12b722ee154d8e821c8699701b3b5a8/5C7A56EA/t51.2885-15/e15/45340354_420399072066893_3356806911768669643_n.jpg?_nc_ht=scontent-iad3-1.cdninstagram.com
2018-11-20,Welcome @simonadesilvestro! Happy to have you within the team as test driver  >> Full story on our website  www.venturi.com #VENTURI #MadeInMonaco #ABBFormulaE ,https://www.instagram.com/p/BqZRSk1lkFV/,https://scontent-iad3-1.cdninstagram.com/vp/a6ca5f70b282ed51fe70d0d8bff37f6b/5D0786FB/t51.2885-15/sh0.08/e35/s640x640/46164972_495798647495839_4216079544809054626_n.jpg?_nc_ht=scontent-iad3-1.cdninstagram.com
2018-11-15,Its only 1 month before season 5 launch! Cant wait! What about you? #ABBFormulaE #VENTURI #MadeInMonaco ,https://www.instagram.com/p/BqMelHVFBo3/,https://scontent-iad3-1.cdninstagram.com/vp/a876cd5527bca1d21f8153226ce52197/5D18DF4D/t51.2885-15/sh0.08/e35/s640x640/44577974_256783068520611_1931453404036547945_n.jpg?_nc_ht=scontent-iad3-1.cdninstagram.com
2018-11-09, EMOJI INTERVIEW  When @edomortara & @massafelipe19 have fun between two test sessions!  Full video on our Twitter and Facebook pages! #VENTURI #MadeInMonaco #ABBFormulaE,https://www.instagram.com/p/Bp9hgn_FMm6/,https://scontent-iad3-1.cdninstagram.com/vp/5475fe486e38a138f44a7842706e87ba/5C7A4798/t51.2885-15/sh0.08/e35/s640x640/43499220_1903920989689192_8990122610363864976_n.jpg?_nc_ht=scontent-iad3-1.cdninstagram.com
2018-11-05," @massafelipe19 ""In Formula E, is the relationship with the engineer different than in Formula 1?"" #VENTURI #MadeInMonaco #ABBFormulaE ",https://www.instagram.com/p/BpzZSV5ldtV/,https://scontent-iad3-1.cdninstagram.com/vp/d7fa027a4aa3feec5816d5caaf318757/5C7A3EFF/t51.2885-15/sh0.08/e35/s640x640/43985574_2269499803121616_7463995577743794368_n.jpg?_nc_ht=scontent-iad3-1.cdninstagram.com
2018-10-31,We know some of you are heading towards a four day weekend like...  #VENTURI #MadeInMonaco #ABBFormulaE #WednesdayThoughts ,https://www.instagram.com/p/Bpl95mNlQgN/,https://scontent-iad3-1.cdninstagram.com/vp/93a74a85a85b6f05f4676b7264ff1ac3/5C79E82D/t51.2885-15/sh0.08/e35/s640x640/44238833_374500926426167_2610558205147510638_n.jpg?_nc_ht=scontent-iad3-1.cdninstagram.com
2018-10-30," ""What were your first impressions of driving a Formula E car?""    @massafelipe19 tells us everything about his 1st time driving his VENTURI VFE-05. #VENTURI #MadeInMonaco #ABBFormulaE #Season5isComing",https://www.instagram.com/p/BpjuRy1FybH/,https://scontent-iad3-1.cdninstagram.com/vp/ce6566f55ec099205730662f30dcf918/5C7A32E1/t51.2885-15/sh0.08/e35/s640x640/44351074_267500587285156_7516131127727267529_n.jpg?_nc_ht=scontent-iad3-1.cdninstagram.com
2018-10-26,#Repost @susie_wolff The end of long & productive week in Monaco @venturi ,https://www.instagram.com/p/BpaRM2flkFD/,https://scontent-iad3-1.cdninstagram.com/vp/cbe6303d3c9207565d0126e20452830c/5D0DDA91/t51.2885-15/sh0.08/e35/s640x640/44505699_428884867642363_8163685332742112034_n.jpg?_nc_ht=scontent-iad3-1.cdninstagram.com
2018-10-26,Seems like these 2 guys are going to get on well on the next weekends to come  #LikeTwoOldFriends #VENTURI #MadeInMonaco #ABBFormulaE #Season5isComing,https://www.instagram.com/p/BpY3lFeD6Bg/,https://scontent-iad3-1.cdninstagram.com/vp/4a3a4a19330fd8e8b86e532db22fd584/5D1E3BAE/t51.2885-15/sh0.08/e35/s640x640/43914076_546859942408314_1768789410674124425_n.jpg?_nc_ht=scontent-iad3-1.cdninstagram.com
2018-10-25,"Dont be sad @edomortara, its only 50 days left until season 5 starts! #VENTURI #MadeInMonaco #ABBFormulaE #Season5isComing",https://www.instagram.com/p/BpWaNtED_xa/,https://scontent-iad3-1.cdninstagram.com/vp/17a8572f93d25f6d696f282399031775/5D022A1D/t51.2885-15/sh0.08/e35/s640x640/42728289_859415544254855_5788070222246709376_n.jpg?_nc_ht=scontent-iad3-1.cdninstagram.com
2018-10-24,"Last week, we were running our #Gen2 car in Valencia, Spain. Isnt she lovely? #VENTURIVFE05 #VENTURI #MadeInMonaco #ABBFormulaE",https://www.instagram.com/p/BpT_3pyjKe-/,https://scontent-iad3-1.cdninstagram.com/vp/cb221d41e045fb5fa75a8faf19e0ac05/5D13298A/t51.2885-15/sh0.08/e35/s640x640/43779524_488124161679799_373374464013666367_n.jpg?_nc_ht=scontent-iad3-1.cdninstagram.com
2018-10-23,When 2 athletes meet each other in Monaco  Discover the amazing journey of @massafelipe19 experiencing free diving for the first time with 4 time world free diving champion @pierrefrolla  #OnlyInMonaco #VENTURI #MadeInMonaco #ABBFormulaE,https://www.instagram.com/p/BpRZymUDsr4/,https://scontent-iad3-1.cdninstagram.com/vp/00e0efc0bc2ab9b78eee7fd76852889f/5C7B0691/t51.2885-15/sh0.08/e35/s640x640/43778479_287160185462792_2851113179670968755_n.jpg?_nc_ht=scontent-iad3-1.cdninstagram.com
2018-10-22,#Repost @massafelipe19 Great to meet @djokernole today in Monaco !! Great person and amazing tennis player !!  ,https://www.instagram.com/p/BpPwMcWD1Fr/,https://scontent-iad3-1.cdninstagram.com/vp/7d77742378069212a81544725580dc3d/5D247C39/t51.2885-15/sh0.08/e35/p640x640/43737625_540901143018998_75556395905146011_n.jpg?_nc_ht=scontent-iad3-1.cdninstagram.com
2018-10-20,#Repost @susie_wolff Official testing is completed. There were long nights. Big challenges. Fast laps. Lots of team work. We are ready to go racing. #MadeInMonaco #VENTURI,https://www.instagram.com/p/BpKfXPMDXu3/,https://scontent-iad3-1.cdninstagram.com/vp/5cf9c751da1cceb516ade8b808952bca/5D185FB6/t51.2885-15/sh0.08/e35/s640x640/43444432_1934933626554049_238696648388892755_n.jpg?_nc_ht=scontent-iad3-1.cdninstagram.com
2018-10-19,"Thats it, #FEtesting done  Looking forward to Ad Diriyah on 15 December #Race1 #VENTURI #MadeInMonaco #ABBFormulaE",https://www.instagram.com/p/BpHrawCje1x/,https://scontent-iad3-1.cdninstagram.com/vp/79aa3931349683e42795b2f581bc77d9/5D154FAB/t51.2885-15/sh0.08/e35/s640x640/43915250_1832422160212250_890295221792024299_n.jpg?_nc_ht=scontent-iad3-1.cdninstagram.com
2018-10-19,Last (rainy) day in Valencia  #VENTURI #MadeInMonaco #ABBFormulaE,https://www.instagram.com/p/BpHKzOpDJsD/,https://scontent-iad3-1.cdninstagram.com/vp/01cfd186f42364341d7e926be89d66b1/5D0B0527/t51.2885-15/sh0.08/e35/s640x640/43137276_478539785967438_34022910103078789_n.jpg?_nc_ht=scontent-iad3-1.cdninstagram.com
2018-10-18,"Non-racing days can be fun as well! Want to know what made @susie_wolff and @massafelipe19 laugh that much?  Just wait and see, exclusive videos to come  #VENTURI #MadeInMonaco #ABBFormulaE #FEtesting",https://www.instagram.com/p/BpFGG4xDsim/,https://scontent-iad3-1.cdninstagram.com/vp/145df9a8ab4076115e1abe50f9e37c34/5D1012DD/t51.2885-15/sh0.08/e35/s640x640/43913888_338903373356814_6368468192828984903_n.jpg?_nc_ht=scontent-iad3-1.cdninstagram.com
2018-10-17,Day 2 of @fiaformulae testing  #VENTURI #MadeInMonaco #ABBFormulaE #FEtesting,https://www.instagram.com/p/BpBw5AwjDZO/,https://scontent-iad3-1.cdninstagram.com/vp/959362bc434936899976cf9ce0b3019d/5D2431A6/t51.2885-15/sh0.08/e35/s640x640/43913861_316472878934173_1456024703771688411_n.jpg?_nc_ht=scontent-iad3-1.cdninstagram.com
2018-10-16,We just cant stop watching our #VENTURIVFE05  #VENTURI #MadeInMonaco #ABBFormulaE #FEtesting,https://www.instagram.com/p/BpAJctsjPIA/,https://scontent-iad3-1.cdninstagram.com/vp/272739f5dfcffe414eeac787eae562fa/5D0FAD9F/t51.2885-15/sh0.08/e35/s640x640/43049074_2132892947028091_1423506498043490969_n.jpg?_nc_ht=scontent-iad3-1.cdninstagram.com
2018-10-16,Hello Beauty!  #VENTURI #MadeInMonaco #ABBFormulaE #FEtesting,https://www.instagram.com/p/Bo_n82wD-Gn/,https://scontent-iad3-1.cdninstagram.com/vp/d69822412c592130aa5c151bae03e443/5D0F3CC7/t51.2885-15/sh0.08/e35/s640x640/43227121_316545238934063_3135926948406339237_n.jpg?_nc_ht=scontent-iad3-1.cdninstagram.com
2018-10-16,Welcome in the #VENTURI garage in #Valencia  More behind the scenes footage? Watch our IG stories for the next 3 days #VENTURI #MadeInMonaco #FEtesting @edomortara @massafelipe19,https://www.instagram.com/p/Bo_Zdf3DaMv/,https://scontent-iad3-1.cdninstagram.com/vp/ee45a3d0eded3788f325d05bf1a44bd2/5D044940/t51.2885-15/sh0.08/e35/s640x640/42830817_336219156925044_8340853855803593916_n.jpg?_nc_ht=scontent-iad3-1.cdninstagram.com
2018-10-15,Ready for the show! #VENTURI #MadeInMonaco #ABBFormulaE,https://www.instagram.com/p/Bo8w9_GDpeK/,https://scontent-iad3-1.cdninstagram.com/vp/96092f659f46a7ee0e8a9f9e24699ff0/5D26C93B/t51.2885-15/sh0.08/e35/s640x640/42619077_689441931441121_5158720133926799256_n.jpg?_nc_ht=scontent-iad3-1.cdninstagram.com
2018-10-15,"#Repost @susie_wolff A huge congratulations to every member of @mercedesamgdtm on winning the DTM constructor, team & driver title today. It was oh so close - what a way to end the DTM story for @mercedesbenz. ",https://www.instagram.com/p/Bo8V20MDBUD/,https://scontent-iad3-1.cdninstagram.com/vp/e8fe160016066aa468594f54989bb4ab/5D1CE7BD/t51.2885-15/sh0.08/e35/s640x640/42644959_278101416155623_5378150782457728492_n.jpg?_nc_ht=scontent-iad3-1.cdninstagram.com
2018-10-13,#Repost @massafelipe19#ABBFormulaE #VENTURI #MadeInMonaco,https://www.instagram.com/p/Bo35L2lD7DG/,https://scontent-iad3-1.cdninstagram.com/vp/89ddfeb687fb2a9dd647d816905440be/5C79F11E/t51.2885-15/e15/42908258_725429741131896_7663532633944365556_n.jpg?_nc_ht=scontent-iad3-1.cdninstagram.com
2018-10-12,"VENTURI VFE-05 >> ready for immediate boarding   Valencia, SpainSee you on Tuesday guys!#VENTURI #VENTURIVFE05 #ABBFormulaE #Season5isComing",https://www.instagram.com/p/Bo1WjbXDJfQ/,https://scontent-iad3-1.cdninstagram.com/vp/b35d0c8b42c543eb333ef7bfc7e7cfdf/5D1CE1A6/t51.2885-15/sh0.08/e35/s640x640/43913414_275078793337399_3716673206582589143_n.jpg?_nc_ht=scontent-iad3-1.cdninstagram.com
2018-10-11,Lunch time in Monaco  #VENTURI #MadeInMonaco @susie_wolff @massafelipe19,https://www.instagram.com/p/Boyrde_jGy2/,https://scontent-iad3-1.cdninstagram.com/vp/c45fc1e369f4a5c6d7b4a3dde9e9186c/5D0A263E/t51.2885-15/sh0.08/e35/s640x640/42772952_260787434578410_5109188496566065894_n.jpg?_nc_ht=scontent-iad3-1.cdninstagram.com
2018-10-10,"Rainy day here in Monaco  Better be home with a good book... or at Venturi testing on simulator, right @edomortara? #VENTURI #MadeInMonaco #ABBFormulaE #Season5isComing ",https://www.instagram.com/p/BowciIZjJEE/,https://scontent-iad3-1.cdninstagram.com/vp/af76b949eb61f4ed0d04d50098813bb3/5D19C3CD/t51.2885-15/sh0.08/e35/p640x640/42069010_1854271911277148_8411001511732408639_n.jpg?_nc_ht=scontent-iad3-1.cdninstagram.com
2018-10-09,"Its official, well be back in Santiago for season 5  Same city, different track... Cant wait #VENTURI #MadeInMonaco #ABBFormulaE #throwbackpic",https://www.instagram.com/p/Bot-EKqjQ8O/,https://scontent-iad3-1.cdninstagram.com/vp/c6d5d45dd9031d71b1ba3c1b1cf50e3a/5D110802/t51.2885-15/sh0.08/e35/p640x640/43143483_998109920359912_3251296406092894498_n.jpg?_nc_ht=scontent-iad3-1.cdninstagram.com
2018-10-08,Who wants to learn more about @edomortara ?www.venturi.com #VENTURI #MadeInMonaco #ABBFormulaE,https://www.instagram.com/p/Boq2btgjvTe/,https://scontent-iad3-1.cdninstagram.com/vp/a507914475afe767001c16912de95f08/5D0FF658/t51.2885-15/sh0.08/e35/s640x640/42068918_237895563748237_5995392606997648836_n.jpg?_nc_ht=scontent-iad3-1.cdninstagram.com
2018-10-07,#Repost @susie_wolff So grateful to be at his side on this amazing adventure. Thank you Japan. A brilliant weekend.,https://www.instagram.com/p/BoohuIEDm0d/,https://scontent-iad3-1.cdninstagram.com/vp/414b7a8a789697fdfd8d0b8b330d652a/5D281A55/t51.2885-15/sh0.08/e35/s640x640/42003731_1780585325324557_7667628481906994752_n.jpg?_nc_ht=scontent-iad3-1.cdninstagram.com
2018-10-06,Congrats mate!#Repost @edomortara @nuerburgringnordschleife @sps_performance @rengervdz @nuerburgring @vln_de it was a pleasure ! P2 in the end after an avoidable pit stop penalty. Congrats to @htpmotorsport @db_motorsport_ @patrickassenheimerofficial and @mercedesamg for the win . See you soon #greenhell #edo #mercedes #mercedesamg,https://www.instagram.com/p/Boml8hfjSPP/,https://scontent-iad3-1.cdninstagram.com/vp/c9eb69f027820c3c01c203e72119ac9b/5D22961B/t51.2885-15/sh0.08/e35/s640x640/42625015_254233195242151_8614907700064578527_n.jpg?_nc_ht=scontent-iad3-1.cdninstagram.com
2018-10-05,"HELLO FRIDAY Cool down, the weekend is almost here  #VENTURI #MadeInMonaco #VENTURIVFE05 #FridayFeeling ",https://www.instagram.com/p/BoixDlPlwUv/,https://scontent-iad3-1.cdninstagram.com/vp/62dcdf18eb3eba5ec9287f2be179d61e/5D212960/t51.2885-15/sh0.08/e35/s640x640/42002542_304233343729654_6205438303210106571_n.jpg?_nc_ht=scontent-iad3-1.cdninstagram.com
2018-10-04,Hello season 5 new braking system  Easier for the drivers but more challenging for the teams  #VENTURI #MadeInMonaco #ABBFormulaE #season5iscoming,https://www.instagram.com/p/BogXJPQF7TX/,https://scontent-iad3-1.cdninstagram.com/vp/c7aedde61642f5103f3b48cb89ae1d52/5D14EDD8/t51.2885-15/sh0.08/e35/p640x640/41585262_2236513893249156_3339227896175110121_n.jpg?_nc_ht=scontent-iad3-1.cdninstagram.com
2018-10-01,"Where focus goes, energy flows 2 weeks to go before Valencia pre-season testing.#VENTURI #MadeInMonaco #ABBFormulaE #Season5isComing",https://www.instagram.com/p/BoYpWv2joS8/,https://scontent-iad3-1.cdninstagram.com/vp/28cbcb9e939c8ef82a19fd159fb6d1a3/5D115882/t51.2885-15/sh0.08/e35/s640x640/42632009_472398439927488_1085927599283923127_n.jpg?_nc_ht=scontent-iad3-1.cdninstagram.com
2018-09-29, Sunny testing day  @massafelipe19 #VENTURI #ABBFormulaE #MadeInMonaco,https://www.instagram.com/p/BoTSe2-jY7O/,https://scontent-iad3-1.cdninstagram.com/vp/629ab5c7dd6bf0f92f3c1eea64033422/5D25BE1B/t51.2885-15/sh0.08/e35/s640x640/42106824_251000865614504_4199936241473566461_n.jpg?_nc_ht=scontent-iad3-1.cdninstagram.com
2018-09-28,How can we follow VENTURI todays private testings @edomortara ?  #ABBFormulaE #VENTURI #MadeInMonaco @Susie_Wolff @MassaFelipe19,https://www.instagram.com/p/BoQ9qlvjJ8y/,https://scontent-iad3-1.cdninstagram.com/vp/e4fc355bc6d9295983c7cc24ac0398b1/5C79DE2E/t51.2885-15/e15/p640x640/41739265_246029056059553_8373095264195656674_n.jpg?_nc_ht=scontent-iad3-1.cdninstagram.com
2018-09-27,#Repost @susie_wolff A special day in Edinburgh. Very honored to be included into the National Portrait Gallery of Scotland.My portrait sculpture was made by Scottish artist Angela Palmer & recreates in crystal glass my last racing helmet. The piece of equipment which is engineered to be strong & keep you safe - created in fragile crystal.,https://www.instagram.com/p/BoPrIFLDHwi/,https://scontent-iad3-1.cdninstagram.com/vp/13f713f00df14870ddbd78ea93dba4d2/5D035ED4/t51.2885-15/sh0.08/e35/s640x640/41739262_2202590993147639_3915275818368634844_n.jpg?_nc_ht=scontent-iad3-1.cdninstagram.com
2018-09-27,"#WorldTourismDay Why dont you come visit Monaco, the world capital of motorsport? The Monaco E-Prix will take place on 11 May 2019. Looking forward to welcoming you at home! #VENTURI #MadeInMonaco #MonacoEprix @massafelipe19 @edomortara @susie_wolff @unwto",https://www.instagram.com/p/BoOhRx9DGIU/,https://scontent-iad3-1.cdninstagram.com/vp/e6dbe1aa84fd949fbf746b4be9c7c8f7/5D139FEA/t51.2885-15/sh0.08/e35/s640x640/41861347_1050041741865375_2756921469856075522_n.jpg?_nc_ht=scontent-iad3-1.cdninstagram.com
2018-09-26, #AdDiriyahEPrix ~ Very proud to be part of such a positive and groundbreaking event! See you on December 15th  #VENTURI #MadeInMonaco #ABBFormulaE,https://www.instagram.com/p/BoLrxa8DUuU/,https://scontent-iad3-1.cdninstagram.com/vp/fbccc6b1f8c70484cd0e1bf6cbcafe6f/5D0EBA6E/t51.2885-15/sh0.08/e35/s640x640/41697176_815340468636321_1541850298666896968_n.jpg?_nc_ht=scontent-iad3-1.cdninstagram.com
2018-09-25,#AdDiriyahEprix [sound ON] Today @MassaFelipe19 was the very first one to drive a #FE car here  81 days before the race! #VENTURI #MadeInMonaco #ABBFormulaE #Season5isComing ,https://www.instagram.com/p/BoKBRKGj7Bv/,https://scontent-iad3-1.cdninstagram.com/vp/14250c9216c9a14c699c75019698cd63/5C7B0941/t51.2885-15/e15/s640x640/41565123_236595190351121_4128684166392567222_n.jpg?_nc_ht=scontent-iad3-1.cdninstagram.com
2018-09-25, Warming up before #AdDiriyahEPrix with @susie_wolff & @massafelipe19. Have a glimpse of the 2018 #AdDiriyahEPrix circuit (pending FIA homologation)  #VENTURI #MadeInMonaco #ABBFormulaE,https://www.instagram.com/p/BoJQt6uDV2r/,https://scontent-iad3-1.cdninstagram.com/vp/33bc314cc4f51fae60860584375591a2/5D21709F/t51.2885-15/sh0.08/e35/s640x640/40994031_1479072262237456_8936072773499175041_n.jpg?_nc_ht=scontent-iad3-1.cdninstagram.com
2018-09-24,#MondayMorning on trackOnwards and upwards! #VENTURI #MadeInMonaco #Season5isComing#ABBFormulaE,https://www.instagram.com/p/BoGkfvojoan/,https://scontent-iad3-1.cdninstagram.com/vp/2387891c82e776c3c05e83f4ea8c002d/5D1EAEF4/t51.2885-15/sh0.08/e35/s640x640/42002455_1818181518279207_8120572270800790294_n.jpg?_nc_ht=scontent-iad3-1.cdninstagram.com
2018-09-23,23 days before #FEtesting in Valencia  Tick-Tock-Tick-Tock... @massafelipe19 #VENTURI #MadeInMonaco #ABBFormulaE,https://www.instagram.com/p/BoEe2lDDPUO/,https://scontent-iad3-1.cdninstagram.com/vp/c17439b60e3727a6424bf980bbefffd5/5D25F666/t51.2885-15/sh0.08/e35/s640x640/41105243_266916473942085_8303862850202134271_n.jpg?_nc_ht=scontent-iad3-1.cdninstagram.com
2018-09-22, #Repost @susie_wolff My Saturday morning project... I think the @venturi mechanics would have been proud of me...  Only one problem for little Jack - I have the remote control... ,https://www.instagram.com/p/BoCSEg9DHFK/,https://scontent-iad3-1.cdninstagram.com/vp/851e4f829284b2a6bb9b90958b176879/5D046525/t51.2885-15/sh0.08/e35/s640x640/42150948_459344491223546_5948734929073300263_n.jpg?_nc_ht=scontent-iad3-1.cdninstagram.com
2018-09-21,#FridayFeeling! On the way to the weekend  #VENTURI #MadeInMonaco #ABBFormulaE #FEtesting #weekend #WeekendIsComing  @cindydupontphoto,https://www.instagram.com/p/Bn_SwY2jRD9/,https://scontent-iad3-1.cdninstagram.com/vp/d62fe8c955b77b6a8aef0f373731465c/5D10D813/t51.2885-15/sh0.08/e35/s640x640/41004131_570462940045512_6028343103613900435_n.jpg?_nc_ht=scontent-iad3-1.cdninstagram.com
